﻿<?xml version="1.0" encoding="utf-8"?>
<configuration>
	<applicationSettings>
		<ExcelWorkbook1.MySettings>
			<setting name="awinPath" serializeAs="String">
				<value>C:\VISBO\VISBO Config Data\</value>
			</setting>
			<setting name="mongoDBname" serializeAs="String">
				<value></value>
			</setting>
			<setting name="globalPath" serializeAs="String">
				<value/>
			</setting>
			<setting name="TaskClass" serializeAs="String">
				<value>Visbo Task Class</value>
			</setting>
			<setting name="VISBOAbbreviation" serializeAs="String">
				<value>VISBO Alias</value>
			</setting>
			<setting name="VISBOAmpel" serializeAs="String">
				<value>VISBO Ampel</value>
			</setting>
			<setting name="VISBOAmpelText" serializeAs="String">
				<value>Indikatoren</value>
			</setting>
			<setting name="VISBOdeliverables" serializeAs="String">
				<value>VISBO Deliverables</value>
			</setting>
			<setting name="VISBOresponsible" serializeAs="String">
				<value>Kontaktperson</value>
			</setting>
			<setting name="VISBOpercentDone" serializeAs="String">
				<value>% Abgeschlossen</value>
			</setting>
			<setting name="VISBOMapping" serializeAs="String">
				<value></value>
			</setting>
			<setting name="VISBOServer" serializeAs="String">
				<value>True</value>
			</setting>
			<setting name="mongoDBWithSSL" serializeAs="String">
				<value>True</value>
			</setting>
			<setting name="mongoDBURL" serializeAs="String">
				<value>https://my.visbo.net/api</value>
			</setting>
			<setting name="VISBODebug" serializeAs="String">
				<value>False</value>
			</setting>
			<setting name="userNamePWD" serializeAs="String">
				<value/>
			</setting>
			<setting name="rememberUserPWD" serializeAs="String">
				<value>True</value>
			</setting>
			<setting name="proxyServerURL" serializeAs="String">
				<value></value>
			</setting>
		</ExcelWorkbook1.MySettings>
	</applicationSettings>
</configuration>
