﻿<clsReportMessages xmlns:i="http://www.w3.org/2001/XMLSchema-instance" xmlns="http://schemas.datacontract.org/2004/07/ProjectBoardDefinitions">
	<_allReportMsg xmlns:d2p1="http://schemas.microsoft.com/2003/10/Serialization/Arrays">
		<d2p1:KeyValueOfintstring>
			<d2p1:Key>1</d2p1:Key>
			<d2p1:Value>no table element connected to shape</d2p1:Value>
		</d2p1:KeyValueOfintstring>
		<d2p1:KeyValueOfintstring>
			<d2p1:Key>2</d2p1:Key>
			<d2p1:Value>number of table rows need to be a multiple of 3 &amp; vblf &amp; Symbol, Short- and Long-Name</d2p1:Value>
		</d2p1:KeyValueOfintstring>
		<d2p1:KeyValueOfintstring>
			<d2p1:Key>3</d2p1:Key>
			<d2p1:Value>table needs at least 2 rows …</d2p1:Value>
		</d2p1:KeyValueOfintstring>
		<d2p1:KeyValueOfintstring>
			<d2p1:Key>4</d2p1:Key>
			<d2p1:Value>productline undefined</d2p1:Value>
		</d2p1:KeyValueOfintstring>
		<d2p1:KeyValueOfintstring>
			<d2p1:Key>5</d2p1:Key>
			<d2p1:Value>number of rows to small &amp; vblf &amp; table need to be re-defined …</d2p1:Value>
		</d2p1:KeyValueOfintstring>
		<d2p1:KeyValueOfintstring>
			<d2p1:Key>6</d2p1:Key>
			<d2p1:Value>legend table does not fit to one page &amp; vblf &amp; table need to be re-defined …</d2p1:Value>
		</d2p1:KeyValueOfintstring>
		<d2p1:KeyValueOfintstring>
			<d2p1:Key>7</d2p1:Key>
			<d2p1:Value>legend symbols for phase and milestone are missing …</d2p1:Value>
		</d2p1:KeyValueOfintstring>
		<d2p1:KeyValueOfintstring>
			<d2p1:Key>8</d2p1:Key>
			<d2p1:Value>template is neither DinA3 nor DinA4 … please use either one </d2p1:Value>
		</d2p1:KeyValueOfintstring>
		<d2p1:KeyValueOfintstring>
			<d2p1:Key>9</d2p1:Key>
			<d2p1:Value>Calendar Start to End must not be 0 or less …</d2p1:Value>
		</d2p1:KeyValueOfintstring>
		<d2p1:KeyValueOfintstring>
			<d2p1:Key>10</d2p1:Key>
			<d2p1:Value>project does not fit on one page …</d2p1:Value>
		</d2p1:KeyValueOfintstring>
		<d2p1:KeyValueOfintstring>
			<d2p1:Key>11</d2p1:Key>
			<d2p1:Value>…</d2p1:Value>
		</d2p1:KeyValueOfintstring>
		<d2p1:KeyValueOfintstring>
			<d2p1:Key>12</d2p1:Key>
			<d2p1:Value> please use another template - projects do not fit to one page ???  </d2p1:Value>
		</d2p1:KeyValueOfintstring>
		<d2p1:KeyValueOfintstring>
			<d2p1:Key>13</d2p1:Key>
			<d2p1:Value> of</d2p1:Value>
		</d2p1:KeyValueOfintstring>
		<d2p1:KeyValueOfintstring>
			<d2p1:Key>14</d2p1:Key>
			<d2p1:Value> without name</d2p1:Value>
		</d2p1:KeyValueOfintstring>
		<d2p1:KeyValueOfintstring>
			<d2p1:Key>15</d2p1:Key>
			<d2p1:Value> project, with &amp; vblf &amp; start- and end-marker</d2p1:Value>
		</d2p1:KeyValueOfintstring>
		<d2p1:KeyValueOfintstring>
			<d2p1:Key>16</d2p1:Key>
			<d2p1:Value> legend table does not fit to one page &amp; vblf &amp; table need to be re-defined …</d2p1:Value>
		</d2p1:KeyValueOfintstring>
		<d2p1:KeyValueOfintstring>
			<d2p1:Key>17</d2p1:Key>
			<d2p1:Value> project traffic lights </d2p1:Value>
		</d2p1:KeyValueOfintstring>
		<d2p1:KeyValueOfintstring>
			<d2p1:Key>18</d2p1:Key>
			<d2p1:Value> milestone traffic lights </d2p1:Value>
		</d2p1:KeyValueOfintstring>
		<d2p1:KeyValueOfintstring>
			<d2p1:Key>19</d2p1:Key>
			<d2p1:Value>missing shapes: </d2p1:Value>
		</d2p1:KeyValueOfintstring>
		<d2p1:KeyValueOfintstring>
			<d2p1:Key>20</d2p1:Key>
			<d2p1:Value>  … does not exist in this project …</d2p1:Value>
		</d2p1:KeyValueOfintstring>
		<d2p1:KeyValueOfintstring>
			<d2p1:Key>21</d2p1:Key>
			<d2p1:Value>Milestone Trendanalysis</d2p1:Value>
		</d2p1:KeyValueOfintstring>
		<d2p1:KeyValueOfintstring>
			<d2p1:Key>22</d2p1:Key>
			<d2p1:Value> no trend existent, because project not yet started</d2p1:Value>
		</d2p1:KeyValueOfintstring>
		<d2p1:KeyValueOfintstring>
			<d2p1:Key>23</d2p1:Key>
			<d2p1:Value> no milestones in project</d2p1:Value>
		</d2p1:KeyValueOfintstring>
		<d2p1:KeyValueOfintstring>
			<d2p1:Key>24</d2p1:Key>
			<d2p1:Value> project template does not exist  </d2p1:Value>
		</d2p1:KeyValueOfintstring>
		<d2p1:KeyValueOfintstring>
			<d2p1:Key>25</d2p1:Key>
			<d2p1:Value> template could not be found </d2p1:Value>
		</d2p1:KeyValueOfintstring>
		<d2p1:KeyValueOfintstring>
			<d2p1:Key>26</d2p1:Key>
			<d2p1:Value> no approval status reached</d2p1:Value>
		</d2p1:KeyValueOfintstring>
		<d2p1:KeyValueOfintstring>
			<d2p1:Key>27</d2p1:Key>
			<d2p1:Value> there is no latest version</d2p1:Value>
		</d2p1:KeyValueOfintstring>
		<d2p1:KeyValueOfintstring>
			<d2p1:Key>28</d2p1:Key>
			<d2p1:Value> no table in shape</d2p1:Value>
		</d2p1:KeyValueOfintstring>
		<d2p1:KeyValueOfintstring>
			<d2p1:Key>29</d2p1:Key>
			<d2p1:Value> to few columns in table (min 4)</d2p1:Value>
		</d2p1:KeyValueOfintstring>
		<d2p1:KeyValueOfintstring>
			<d2p1:Key>30</d2p1:Key>
			<d2p1:Value> table project goal has not enough rows / columns ….</d2p1:Value>
		</d2p1:KeyValueOfintstring>
		<d2p1:KeyValueOfintstring>
			<d2p1:Key>31</d2p1:Key>
			<d2p1:Value> project</d2p1:Value>
		</d2p1:KeyValueOfintstring>
		<d2p1:KeyValueOfintstring>
			<d2p1:Key>32</d2p1:Key>
			<d2p1:Value>  does not exist</d2p1:Value>
		</d2p1:KeyValueOfintstring>
		<d2p1:KeyValueOfintstring>
			<d2p1:Key>33</d2p1:Key>
			<d2p1:Value> see following slides </d2p1:Value>
		</d2p1:KeyValueOfintstring>
		<d2p1:KeyValueOfintstring>
			<d2p1:Key>34</d2p1:Key>
			<d2p1:Value> identical</d2p1:Value>
		</d2p1:KeyValueOfintstring>
		<d2p1:KeyValueOfintstring>
			<d2p1:Key>35</d2p1:Key>
			<d2p1:Value> End: </d2p1:Value>
		</d2p1:KeyValueOfintstring>
		<d2p1:KeyValueOfintstring>
			<d2p1:Key>36</d2p1:Key>
			<d2p1:Value> table project changes with wrong number of rows / columns </d2p1:Value>
		</d2p1:KeyValueOfintstring>
		<d2p1:KeyValueOfintstring>
			<d2p1:Key>37</d2p1:Key>
			<d2p1:Value> number of rows and columns does not fit to project status table </d2p1:Value>
		</d2p1:KeyValueOfintstring>
		<d2p1:KeyValueOfintstring>
			<d2p1:Key>38</d2p1:Key>
			<d2p1:Value> Forecast</d2p1:Value>
		</d2p1:KeyValueOfintstring>
		<d2p1:KeyValueOfintstring>
			<d2p1:Key>39</d2p1:Key>
			<d2p1:Value>there is no trend for that project '</d2p1:Value>
		</d2p1:KeyValueOfintstring>
		<d2p1:KeyValueOfintstring>
			<d2p1:Key>40</d2p1:Key>
			<d2p1:Value> no milestones specified</d2p1:Value>
		</d2p1:KeyValueOfintstring>
		<d2p1:KeyValueOfintstring>
			<d2p1:Key>41</d2p1:Key>
			<d2p1:Value> Reporting Periods</d2p1:Value>
		</d2p1:KeyValueOfintstring>
		<d2p1:KeyValueOfintstring>
			<d2p1:Key>42</d2p1:Key>
			<d2p1:Value>Template  </d2p1:Value>
		</d2p1:KeyValueOfintstring>
		<d2p1:KeyValueOfintstring>
			<d2p1:Key>43</d2p1:Key>
			<d2p1:Value>Approved Version </d2p1:Value>
		</d2p1:KeyValueOfintstring>
		<d2p1:KeyValueOfintstring>
			<d2p1:Key>44</d2p1:Key>
			<d2p1:Value> latest version </d2p1:Value>
		</d2p1:KeyValueOfintstring>
		<d2p1:KeyValueOfintstring>
			<d2p1:Key>45</d2p1:Key>
			<d2p1:Value> days</d2p1:Value>
		</d2p1:KeyValueOfintstring>
		<d2p1:KeyValueOfintstring>
			<d2p1:Key>46</d2p1:Key>
			<d2p1:Value> months</d2p1:Value>
		</d2p1:KeyValueOfintstring>
		<d2p1:KeyValueOfintstring>
			<d2p1:Key>47</d2p1:Key>
			<d2p1:Value> (approved version)</d2p1:Value>
		</d2p1:KeyValueOfintstring>
		<d2p1:KeyValueOfintstring>
			<d2p1:Key>48</d2p1:Key>
			<d2p1:Value> (latest version)</d2p1:Value>
		</d2p1:KeyValueOfintstring>
		<d2p1:KeyValueOfintstring>
			<d2p1:Key>49</d2p1:Key>
			<d2p1:Value>Budget</d2p1:Value>
		</d2p1:KeyValueOfintstring>
		<d2p1:KeyValueOfintstring>
			<d2p1:Key>50</d2p1:Key>
			<d2p1:Value>Risk fee</d2p1:Value>
		</d2p1:KeyValueOfintstring>
		<d2p1:KeyValueOfintstring>
			<d2p1:Key>51</d2p1:Key>
			<d2p1:Value>Personnel Costs</d2p1:Value>
		</d2p1:KeyValueOfintstring>
		<d2p1:KeyValueOfintstring>
			<d2p1:Key>52</d2p1:Key>
			<d2p1:Value>Other Costs</d2p1:Value>
		</d2p1:KeyValueOfintstring>
		<d2p1:KeyValueOfintstring>
			<d2p1:Key>53</d2p1:Key>
			<d2p1:Value>Profit/Loss</d2p1:Value>
		</d2p1:KeyValueOfintstring>
		<d2p1:KeyValueOfintstring>
			<d2p1:Key>54</d2p1:Key>
			<d2p1:Value> Earned Value</d2p1:Value>
		</d2p1:KeyValueOfintstring>
		<d2p1:KeyValueOfintstring>
			<d2p1:Key>55</d2p1:Key>
			<d2p1:Value> Earned Value - rated </d2p1:Value>
		</d2p1:KeyValueOfintstring>
		<d2p1:KeyValueOfintstring>
			<d2p1:Key>56</d2p1:Key>
			<d2p1:Value> Improvement Potential</d2p1:Value>
		</d2p1:KeyValueOfintstring>
		<d2p1:KeyValueOfintstring>
			<d2p1:Key>57</d2p1:Key>
			<d2p1:Value> Risk Fee</d2p1:Value>
		</d2p1:KeyValueOfintstring>
		<d2p1:KeyValueOfintstring>
			<d2p1:Key>58</d2p1:Key>
			<d2p1:Value> Overview Phases</d2p1:Value>
		</d2p1:KeyValueOfintstring>
		<d2p1:KeyValueOfintstring>
			<d2p1:Key>59</d2p1:Key>
			<d2p1:Value> Overview Roles</d2p1:Value>
		</d2p1:KeyValueOfintstring>
		<d2p1:KeyValueOfintstring>
			<d2p1:Key>60</d2p1:Key>
			<d2p1:Value> Overview Costs</d2p1:Value>
		</d2p1:KeyValueOfintstring>
		<d2p1:KeyValueOfintstring>
			<d2p1:Key>61</d2p1:Key>
			<d2p1:Value> Complexity, Risk and Volume</d2p1:Value>
		</d2p1:KeyValueOfintstring>
		<d2p1:KeyValueOfintstring>
			<d2p1:Key>62</d2p1:Key>
			<d2p1:Value> Time, Risk and Volume</d2p1:Value>
		</d2p1:KeyValueOfintstring>
		<d2p1:KeyValueOfintstring>
			<d2p1:Key>63</d2p1:Key>
			<d2p1:Value> Overview Milestones</d2p1:Value>
		</d2p1:KeyValueOfintstring>
		<d2p1:KeyValueOfintstring>
			<d2p1:Key>64</d2p1:Key>
			<d2p1:Value> strategic Fit, Risk &amp; Volume</d2p1:Value>
		</d2p1:KeyValueOfintstring>
		<d2p1:KeyValueOfintstring>
			<d2p1:Key>65</d2p1:Key>
			<d2p1:Value> Dependencies: active and passive influence</d2p1:Value>
		</d2p1:KeyValueOfintstring>
		<d2p1:KeyValueOfintstring>
			<d2p1:Key>66</d2p1:Key>
			<d2p1:Value> Deviations from latest version</d2p1:Value>
		</d2p1:KeyValueOfintstring>
		<d2p1:KeyValueOfintstring>
			<d2p1:Key>67</d2p1:Key>
			<d2p1:Value> Deviations from approved version</d2p1:Value>
		</d2p1:KeyValueOfintstring>
		<d2p1:KeyValueOfintstring>
			<d2p1:Key>68</d2p1:Key>
			<d2p1:Value> Budget / Result overview</d2p1:Value>
		</d2p1:KeyValueOfintstring>
		<d2p1:KeyValueOfintstring>
			<d2p1:Key>69</d2p1:Key>
			<d2p1:Value> strategic Fit, Risk &amp; Influence</d2p1:Value>
		</d2p1:KeyValueOfintstring>
		<d2p1:KeyValueOfintstring>
			<d2p1:Key>70</d2p1:Key>
			<d2p1:Value> Error in CreatePortfolioDiagram</d2p1:Value>
		</d2p1:KeyValueOfintstring>
		<d2p1:KeyValueOfintstring>
			<d2p1:Key>71</d2p1:Key>
			<d2p1:Value> Dep.) </d2p1:Value>
		</d2p1:KeyValueOfintstring>
		<d2p1:KeyValueOfintstring>
			<d2p1:Key>72</d2p1:Key>
			<d2p1:Value> Strategic Fit</d2p1:Value>
		</d2p1:KeyValueOfintstring>
		<d2p1:KeyValueOfintstring>
			<d2p1:Key>73</d2p1:Key>
			<d2p1:Value> Project Duration</d2p1:Value>
		</d2p1:KeyValueOfintstring>
		<d2p1:KeyValueOfintstring>
			<d2p1:Key>74</d2p1:Key>
			<d2p1:Value> Complexity</d2p1:Value>
		</d2p1:KeyValueOfintstring>
		<d2p1:KeyValueOfintstring>
			<d2p1:Key>75</d2p1:Key>
			<d2p1:Value> Dependency</d2p1:Value>
		</d2p1:KeyValueOfintstring>
		<d2p1:KeyValueOfintstring>
			<d2p1:Key>76</d2p1:Key>
			<d2p1:Value> Influence</d2p1:Value>
		</d2p1:KeyValueOfintstring>
		<d2p1:KeyValueOfintstring>
			<d2p1:Key>77</d2p1:Key>
			<d2p1:Value> Risk</d2p1:Value>
		</d2p1:KeyValueOfintstring>
		<d2p1:KeyValueOfintstring>
			<d2p1:Key>78</d2p1:Key>
			<d2p1:Value> Error in UpdatePortfolioDiagram</d2p1:Value>
		</d2p1:KeyValueOfintstring>
		<d2p1:KeyValueOfintstring>
			<d2p1:Key>79</d2p1:Key>
			<d2p1:Value> absolut </d2p1:Value>
		</d2p1:KeyValueOfintstring>
		<d2p1:KeyValueOfintstring>
			<d2p1:Key>80</d2p1:Key>
			<d2p1:Value> proportional  </d2p1:Value>
		</d2p1:KeyValueOfintstring>
		<d2p1:KeyValueOfintstring>
			<d2p1:Key>81</d2p1:Key>
			<d2p1:Value>database connection failed &amp; vblf &amp; project history could not be loaded </d2p1:Value>
		</d2p1:KeyValueOfintstring>
		<d2p1:KeyValueOfintstring>
			<d2p1:Key>82</d2p1:Key>
			<d2p1:Value> Error in CreateBetterWorsePortfolio  </d2p1:Value>
		</d2p1:KeyValueOfintstring>
		<d2p1:KeyValueOfintstring>
			<d2p1:Key>83</d2p1:Key>
			<d2p1:Value> there are no projects with deviations greater than the allowed tolerance</d2p1:Value>
		</d2p1:KeyValueOfintstring>
		<d2p1:KeyValueOfintstring>
			<d2p1:Key>84</d2p1:Key>
			<d2p1:Value> Time tolerance project-end: +/-</d2p1:Value>
		</d2p1:KeyValueOfintstring>
		<d2p1:KeyValueOfintstring>
			<d2p1:Key>85</d2p1:Key>
			<d2p1:Value> Time tolerance next milestone: +/-</d2p1:Value>
		</d2p1:KeyValueOfintstring>
		<d2p1:KeyValueOfintstring>
			<d2p1:Key>86</d2p1:Key>
			<d2p1:Value> Time tolerance: +/-</d2p1:Value>
		</d2p1:KeyValueOfintstring>
		<d2p1:KeyValueOfintstring>
			<d2p1:Key>87</d2p1:Key>
			<d2p1:Value> Cost tolerance: +/-</d2p1:Value>
		</d2p1:KeyValueOfintstring>
		<d2p1:KeyValueOfintstring>
			<d2p1:Key>88</d2p1:Key>
			<d2p1:Value> Time deviation to next milestone</d2p1:Value>
		</d2p1:KeyValueOfintstring>
		<d2p1:KeyValueOfintstring>
			<d2p1:Key>89</d2p1:Key>
			<d2p1:Value> Time deviation project end</d2p1:Value>
		</d2p1:KeyValueOfintstring>
		<d2p1:KeyValueOfintstring>
			<d2p1:Key>90</d2p1:Key>
			<d2p1:Value> Cost deviation</d2p1:Value>
		</d2p1:KeyValueOfintstring>
		<d2p1:KeyValueOfintstring>
			<d2p1:Key>91</d2p1:Key>
			<d2p1:Value> Projects within tolerance (+/-</d2p1:Value>
		</d2p1:KeyValueOfintstring>
		<d2p1:KeyValueOfintstring>
			<d2p1:Key>92</d2p1:Key>
			<d2p1:Value> Projects without latest version</d2p1:Value>
		</d2p1:KeyValueOfintstring>
		<d2p1:KeyValueOfintstring>
			<d2p1:Key>93</d2p1:Key>
			<d2p1:Value> Capacity utilization </d2p1:Value>
		</d2p1:KeyValueOfintstring>
		<d2p1:KeyValueOfintstring>
			<d2p1:Key>94</d2p1:Key>
			<d2p1:Value> above Capacity</d2p1:Value>
		</d2p1:KeyValueOfintstring>
		<d2p1:KeyValueOfintstring>
			<d2p1:Key>95</d2p1:Key>
			<d2p1:Value> below Capacity</d2p1:Value>
		</d2p1:KeyValueOfintstring>
		<d2p1:KeyValueOfintstring>
			<d2p1:Key>96</d2p1:Key>
			<d2p1:Value> no resource needs defined</d2p1:Value>
		</d2p1:KeyValueOfintstring>
		<d2p1:KeyValueOfintstring>
			<d2p1:Key>97</d2p1:Key>
			<d2p1:Value> </d2p1:Value>
		</d2p1:KeyValueOfintstring>
		<d2p1:KeyValueOfintstring>
			<d2p1:Key>98</d2p1:Key>
			<d2p1:Value> fulfilled</d2p1:Value>
		</d2p1:KeyValueOfintstring>
		<d2p1:KeyValueOfintstring>
			<d2p1:Key>99</d2p1:Key>
			<d2p1:Value> with limitations</d2p1:Value>
		</d2p1:KeyValueOfintstring>
		<d2p1:KeyValueOfintstring>
			<d2p1:Key>100</d2p1:Key>
			<d2p1:Value> not fulfilled</d2p1:Value>
		</d2p1:KeyValueOfintstring>
		<d2p1:KeyValueOfintstring>
			<d2p1:Key>101</d2p1:Key>
			<d2p1:Value> no fulfilled targets:time frame entirely in future </d2p1:Value>
		</d2p1:KeyValueOfintstring>
		<d2p1:KeyValueOfintstring>
			<d2p1:Key>102</d2p1:Key>
			<d2p1:Value> Fulfillment expected</d2p1:Value>
		</d2p1:KeyValueOfintstring>
		<d2p1:KeyValueOfintstring>
			<d2p1:Key>103</d2p1:Key>
			<d2p1:Value> Fulfillment with uncertainty</d2p1:Value>
		</d2p1:KeyValueOfintstring>
		<d2p1:KeyValueOfintstring>
			<d2p1:Key>104</d2p1:Key>
			<d2p1:Value> Fulfillment with high risks </d2p1:Value>
		</d2p1:KeyValueOfintstring>
		<d2p1:KeyValueOfintstring>
			<d2p1:Key>105</d2p1:Key>
			<d2p1:Value> no forecast: time frame entirely in past </d2p1:Value>
		</d2p1:KeyValueOfintstring>
		<d2p1:KeyValueOfintstring>
			<d2p1:Key>106</d2p1:Key>
			<d2p1:Value> clarification needed, whether to consider past or future …</d2p1:Value>
		</d2p1:KeyValueOfintstring>
		<d2p1:KeyValueOfintstring>
			<d2p1:Key>107</d2p1:Key>
			<d2p1:Value> no achieved targets …</d2p1:Value>
		</d2p1:KeyValueOfintstring>
		<d2p1:KeyValueOfintstring>
			<d2p1:Key>108</d2p1:Key>
			<d2p1:Value> no future targets defined …</d2p1:Value>
		</d2p1:KeyValueOfintstring>
		<d2p1:KeyValueOfintstring>
			<d2p1:Key>109</d2p1:Key>
			<d2p1:Value> no achieved nor future targets …</d2p1:Value>
		</d2p1:KeyValueOfintstring>
		<d2p1:KeyValueOfintstring>
			<d2p1:Key>110</d2p1:Key>
			<d2p1:Value> Phase </d2p1:Value>
		</d2p1:KeyValueOfintstring>
		<d2p1:KeyValueOfintstring>
			<d2p1:Key>111</d2p1:Key>
			<d2p1:Value> not defined: </d2p1:Value>
		</d2p1:KeyValueOfintstring>
		<d2p1:KeyValueOfintstring>
			<d2p1:Key>112</d2p1:Key>
			<d2p1:Value> no Phase / Role / Cost / Result / Milestone selected …</d2p1:Value>
		</d2p1:KeyValueOfintstring>
		<d2p1:KeyValueOfintstring>
			<d2p1:Key>113</d2p1:Key>
			<d2p1:Value> Overview Result Forecast</d2p1:Value>
		</d2p1:KeyValueOfintstring>
		<d2p1:KeyValueOfintstring>
			<d2p1:Key>114</d2p1:Key>
			<d2p1:Value> Overview</d2p1:Value>
		</d2p1:KeyValueOfintstring>
		<d2p1:KeyValueOfintstring>
			<d2p1:Key>115</d2p1:Key>
			<d2p1:Value> internal </d2p1:Value>
		</d2p1:KeyValueOfintstring>
		<d2p1:KeyValueOfintstring>
			<d2p1:Key>116</d2p1:Key>
			<d2p1:Value>external Resources</d2p1:Value>
		</d2p1:KeyValueOfintstring>
		<d2p1:KeyValueOfintstring>
			<d2p1:Key>117</d2p1:Key>
			<d2p1:Value> Risk Fee</d2p1:Value>
		</d2p1:KeyValueOfintstring>
		<d2p1:KeyValueOfintstring>
			<d2p1:Key>118</d2p1:Key>
			<d2p1:Value> Capacity incl. Ext. </d2p1:Value>
		</d2p1:KeyValueOfintstring>
		<d2p1:KeyValueOfintstring>
			<d2p1:Key>119</d2p1:Key>
			<d2p1:Value> Feasibility limit</d2p1:Value>
		</d2p1:KeyValueOfintstring>
		<d2p1:KeyValueOfintstring>
			<d2p1:Key>120</d2p1:Key>
			<d2p1:Value> Overview Milestones</d2p1:Value>
		</d2p1:KeyValueOfintstring>
		<d2p1:KeyValueOfintstring>
			<d2p1:Key>121</d2p1:Key>
			<d2p1:Value> Milestone </d2p1:Value>
		</d2p1:KeyValueOfintstring>
		<d2p1:KeyValueOfintstring>
			<d2p1:Key>122</d2p1:Key>
			<d2p1:Value> not existent</d2p1:Value>
		</d2p1:KeyValueOfintstring>
		<d2p1:KeyValueOfintstring>
			<d2p1:Key>123</d2p1:Key>
			<d2p1:Value>no table for scenario </d2p1:Value>
		</d2p1:KeyValueOfintstring>
		<d2p1:KeyValueOfintstring>
			<d2p1:Key>124</d2p1:Key>
			<d2p1:Value> &lt;not named&gt;</d2p1:Value>
		</d2p1:KeyValueOfintstring>
		<d2p1:KeyValueOfintstring>
			<d2p1:Key>125</d2p1:Key>
			<d2p1:Value> no time frame provided in table </d2p1:Value>
		</d2p1:KeyValueOfintstring>
		<d2p1:KeyValueOfintstring>
			<d2p1:Key>126</d2p1:Key>
			<d2p1:Value> no elements provided ….</d2p1:Value>
		</d2p1:KeyValueOfintstring>
		<d2p1:KeyValueOfintstring>
			<d2p1:Key>127</d2p1:Key>
			<d2p1:Value> shape has no table </d2p1:Value>
		</d2p1:KeyValueOfintstring>
		<d2p1:KeyValueOfintstring>
			<d2p1:Key>128</d2p1:Key>
			<d2p1:Value> all projects with milestone  </d2p1:Value>
		</d2p1:KeyValueOfintstring>
		<d2p1:KeyValueOfintstring>
			<d2p1:Key>129</d2p1:Key>
			<d2p1:Value> all projects with phase  </d2p1:Value>
		</d2p1:KeyValueOfintstring>
		<d2p1:KeyValueOfintstring>
			<d2p1:Key>130</d2p1:Key>
			<d2p1:Value> all projects with role  </d2p1:Value>
		</d2p1:KeyValueOfintstring>
		<d2p1:KeyValueOfintstring>
			<d2p1:Key>131</d2p1:Key>
			<d2p1:Value> all projects with cost </d2p1:Value>
		</d2p1:KeyValueOfintstring>
		<d2p1:KeyValueOfintstring>
			<d2p1:Key>132</d2p1:Key>
			<d2p1:Value> all projects with milestones  </d2p1:Value>
		</d2p1:KeyValueOfintstring>
		<d2p1:KeyValueOfintstring>
			<d2p1:Key>133</d2p1:Key>
			<d2p1:Value> all projects with phases  </d2p1:Value>
		</d2p1:KeyValueOfintstring>
		<d2p1:KeyValueOfintstring>
			<d2p1:Key>134</d2p1:Key>
			<d2p1:Value> all projects with roles  </d2p1:Value>
		</d2p1:KeyValueOfintstring>
		<d2p1:KeyValueOfintstring>
			<d2p1:Key>135</d2p1:Key>
			<d2p1:Value> all projects with costs  </d2p1:Value>
		</d2p1:KeyValueOfintstring>
		<d2p1:KeyValueOfintstring>
			<d2p1:Key>136</d2p1:Key>
			<d2p1:Value> no projects in given time frame</d2p1:Value>
		</d2p1:KeyValueOfintstring>
		<d2p1:KeyValueOfintstring>
			<d2p1:Key>137</d2p1:Key>
			<d2p1:Value> please provide time frame …</d2p1:Value>
		</d2p1:KeyValueOfintstring>
		<d2p1:KeyValueOfintstring>
			<d2p1:Key>138</d2p1:Key>
			<d2p1:Value> no phases provided …</d2p1:Value>
		</d2p1:KeyValueOfintstring>
		<d2p1:KeyValueOfintstring>
			<d2p1:Key>139</d2p1:Key>
			<d2p1:Value> not existent</d2p1:Value>
		</d2p1:KeyValueOfintstring>
		<d2p1:KeyValueOfintstring>
			<d2p1:Key>140</d2p1:Key>
			<d2p1:Value> no current projects in given time frame …</d2p1:Value>
		</d2p1:KeyValueOfintstring>
		<d2p1:KeyValueOfintstring>
			<d2p1:Key>141</d2p1:Key>
			<d2p1:Value> additional costs due to above-capacity</d2p1:Value>
		</d2p1:KeyValueOfintstring>
		<d2p1:KeyValueOfintstring>
			<d2p1:Key>142</d2p1:Key>
			<d2p1:Value>opportunity costs due to below-capacity</d2p1:Value>
		</d2p1:KeyValueOfintstring>
		<d2p1:KeyValueOfintstring>
			<d2p1:Key>143</d2p1:Key>
			<d2p1:Value> Potentials</d2p1:Value>
		</d2p1:KeyValueOfintstring>
		<d2p1:KeyValueOfintstring>
			<d2p1:Key>144</d2p1:Key>
			<d2p1:Value> Budget Sum</d2p1:Value>
		</d2p1:KeyValueOfintstring>
		<d2p1:KeyValueOfintstring>
			<d2p1:Key>145</d2p1:Key>
			<d2p1:Value> Cost to date</d2p1:Value>
		</d2p1:KeyValueOfintstring>
		<d2p1:KeyValueOfintstring>
			<d2p1:Key>146</d2p1:Key>
			<d2p1:Value> Cost Forecast</d2p1:Value>
		</d2p1:KeyValueOfintstring>
		<d2p1:KeyValueOfintstring>
			<d2p1:Key>147</d2p1:Key>
			<d2p1:Value> does not exist</d2p1:Value>
		</d2p1:KeyValueOfintstring>
		<d2p1:KeyValueOfintstring>
			<d2p1:Key>148</d2p1:Key>
			<d2p1:Value> Result  </d2p1:Value>
		</d2p1:KeyValueOfintstring>
		<d2p1:KeyValueOfintstring>
			<d2p1:Key>149</d2p1:Key>
			<d2p1:Value> Bottom</d2p1:Value>
		</d2p1:KeyValueOfintstring>
		<d2p1:KeyValueOfintstring>
			<d2p1:Key>150</d2p1:Key>
			<d2p1:Value> Top</d2p1:Value>
		</d2p1:KeyValueOfintstring>
		<d2p1:KeyValueOfintstring>
			<d2p1:Key>151</d2p1:Key>
			<d2p1:Value> Sum project results (incl Risk Fee) </d2p1:Value>
		</d2p1:KeyValueOfintstring>
		<d2p1:KeyValueOfintstring>
			<d2p1:Key>152</d2p1:Key>
			<d2p1:Value> additional cost due to above-capacity</d2p1:Value>
		</d2p1:KeyValueOfintstring>
		<d2p1:KeyValueOfintstring>
			<d2p1:Key>153</d2p1:Key>
			<d2p1:Value> opportunity costs due to below-capacity</d2p1:Value>
		</d2p1:KeyValueOfintstring>
		<d2p1:KeyValueOfintstring>
			<d2p1:Key>154</d2p1:Key>
			<d2p1:Value> Result KPI</d2p1:Value>
		</d2p1:KeyValueOfintstring>
		<d2p1:KeyValueOfintstring>
			<d2p1:Key>155</d2p1:Key>
			<d2p1:Value> slower</d2p1:Value>
		</d2p1:KeyValueOfintstring>
		<d2p1:KeyValueOfintstring>
			<d2p1:Key>156</d2p1:Key>
			<d2p1:Value> faster</d2p1:Value>
		</d2p1:KeyValueOfintstring>
		<d2p1:KeyValueOfintstring>
			<d2p1:Key>157</d2p1:Key>
			<d2p1:Value> more expensive</d2p1:Value>
		</d2p1:KeyValueOfintstring>
		<d2p1:KeyValueOfintstring>
			<d2p1:Key>158</d2p1:Key>
			<d2p1:Value> less expensive</d2p1:Value>
		</d2p1:KeyValueOfintstring>
		<d2p1:KeyValueOfintstring>
			<d2p1:Key>159</d2p1:Key>
			<d2p1:Value> Personnel Needs </d2p1:Value>
		</d2p1:KeyValueOfintstring>
		<d2p1:KeyValueOfintstring>
			<d2p1:Key>160</d2p1:Key>
			<d2p1:Value> Personnel Costs</d2p1:Value>
		</d2p1:KeyValueOfintstring>
		<d2p1:KeyValueOfintstring>
			<d2p1:Key>161</d2p1:Key>
			<d2p1:Value>no resource needs defined</d2p1:Value>
		</d2p1:KeyValueOfintstring>
		<d2p1:KeyValueOfintstring>
			<d2p1:Key>162</d2p1:Key>
			<d2p1:Value> Personnel Costs are zero </d2p1:Value>
		</d2p1:KeyValueOfintstring>
		<d2p1:KeyValueOfintstring>
			<d2p1:Key>163</d2p1:Key>
			<d2p1:Value> Other Costs are zero </d2p1:Value>
		</d2p1:KeyValueOfintstring>
		<d2p1:KeyValueOfintstring>
			<d2p1:Key>164</d2p1:Key>
			<d2p1:Value> Personnel Costs </d2p1:Value>
		</d2p1:KeyValueOfintstring>
		<d2p1:KeyValueOfintstring>
			<d2p1:Key>165</d2p1:Key>
			<d2p1:Value>Other Costs</d2p1:Value>
		</d2p1:KeyValueOfintstring>
		<d2p1:KeyValueOfintstring>
			<d2p1:Key>166</d2p1:Key>
			<d2p1:Value> Total Cost</d2p1:Value>
		</d2p1:KeyValueOfintstring>
		<d2p1:KeyValueOfintstring>
			<d2p1:Key>167</d2p1:Key>
			<d2p1:Value>sum Other Cost is zero </d2p1:Value>
		</d2p1:KeyValueOfintstring>
		<d2p1:KeyValueOfintstring>
			<d2p1:Key>168</d2p1:Key>
			<d2p1:Value> Total Cost is zero </d2p1:Value>
		</d2p1:KeyValueOfintstring>
		<d2p1:KeyValueOfintstring>
			<d2p1:Key>169</d2p1:Key>
			<d2p1:Value> history strategic fit &amp; risk: </d2p1:Value>
		</d2p1:KeyValueOfintstring>
		<d2p1:KeyValueOfintstring>
			<d2p1:Key>170</d2p1:Key>
			<d2p1:Value> strategic Fit</d2p1:Value>
		</d2p1:KeyValueOfintstring>
		<d2p1:KeyValueOfintstring>
			<d2p1:Key>171</d2p1:Key>
			<d2p1:Value> no project history yet </d2p1:Value>
		</d2p1:KeyValueOfintstring>
		<d2p1:KeyValueOfintstring>
			<d2p1:Key>172</d2p1:Key>
			<d2p1:Value> History of KPI </d2p1:Value>
		</d2p1:KeyValueOfintstring>
		<d2p1:KeyValueOfintstring>
			<d2p1:Key>173</d2p1:Key>
			<d2p1:Value> Budget</d2p1:Value>
		</d2p1:KeyValueOfintstring>
		<d2p1:KeyValueOfintstring>
			<d2p1:Key>174</d2p1:Key>
			<d2p1:Value> Cost of Risk </d2p1:Value>
		</d2p1:KeyValueOfintstring>
		<d2p1:KeyValueOfintstring>
			<d2p1:Key>175</d2p1:Key>
			<d2p1:Value>Result (Forecast)</d2p1:Value>
		</d2p1:KeyValueOfintstring>
		<d2p1:KeyValueOfintstring>
			<d2p1:Key>176</d2p1:Key>
			<d2p1:Value> Progress</d2p1:Value>
		</d2p1:KeyValueOfintstring>
		<d2p1:KeyValueOfintstring>
			<d2p1:Key>177</d2p1:Key>
			<d2p1:Value> planned</d2p1:Value>
		</d2p1:KeyValueOfintstring>
		<d2p1:KeyValueOfintstring>
			<d2p1:Key>178</d2p1:Key>
			<d2p1:Value> actual</d2p1:Value>
		</d2p1:KeyValueOfintstring>
		<d2p1:KeyValueOfintstring>
			<d2p1:Key>179</d2p1:Key>
			<d2p1:Value> project not yet started …</d2p1:Value>
		</d2p1:KeyValueOfintstring>
		<d2p1:KeyValueOfintstring>
			<d2p1:Key>180</d2p1:Key>
			<d2p1:Value> project has already ended</d2p1:Value>
		</d2p1:KeyValueOfintstring>
		<d2p1:KeyValueOfintstring>
			<d2p1:Key>181</d2p1:Key>
			<d2p1:Value> target / actual Personnel Cost not possible </d2p1:Value>
		</d2p1:KeyValueOfintstring>
		<d2p1:KeyValueOfintstring>
			<d2p1:Key>182</d2p1:Key>
			<d2p1:Value> target / actual Other Cost not possible </d2p1:Value>
		</d2p1:KeyValueOfintstring>
		<d2p1:KeyValueOfintstring>
			<d2p1:Key>183</d2p1:Key>
			<d2p1:Value> target / actual Total Cost not possible </d2p1:Value>
		</d2p1:KeyValueOfintstring>
		<d2p1:KeyValueOfintstring>
			<d2p1:Key>184</d2p1:Key>
			<d2p1:Value> no approved version </d2p1:Value>
		</d2p1:KeyValueOfintstring>
		<d2p1:KeyValueOfintstring>
			<d2p1:Key>185</d2p1:Key>
			<d2p1:Value> no latest version</d2p1:Value>
		</d2p1:KeyValueOfintstring>
		<d2p1:KeyValueOfintstring>
			<d2p1:Key>186</d2p1:Key>
			<d2p1:Value> Error in min-/max-calculation</d2p1:Value>
		</d2p1:KeyValueOfintstring>
		<d2p1:KeyValueOfintstring>
			<d2p1:Key>187</d2p1:Key>
			<d2p1:Value> min/max Personnel Cost</d2p1:Value>
		</d2p1:KeyValueOfintstring>
		<d2p1:KeyValueOfintstring>
			<d2p1:Key>188</d2p1:Key>
			<d2p1:Value> target-/actual Personnel Cost</d2p1:Value>
		</d2p1:KeyValueOfintstring>
		<d2p1:KeyValueOfintstring>
			<d2p1:Key>189</d2p1:Key>
			<d2p1:Value> min/max Other Cost</d2p1:Value>
		</d2p1:KeyValueOfintstring>
		<d2p1:KeyValueOfintstring>
			<d2p1:Key>190</d2p1:Key>
			<d2p1:Value> target-/actual Other Cost</d2p1:Value>
		</d2p1:KeyValueOfintstring>
		<d2p1:KeyValueOfintstring>
			<d2p1:Key>191</d2p1:Key>
			<d2p1:Value> min/max Total Cost</d2p1:Value>
		</d2p1:KeyValueOfintstring>
		<d2p1:KeyValueOfintstring>
			<d2p1:Key>192</d2p1:Key>
			<d2p1:Value> target-/actual Total Cost</d2p1:Value>
		</d2p1:KeyValueOfintstring>
		<d2p1:KeyValueOfintstring>
			<d2p1:Key>193</d2p1:Key>
			<d2p1:Value>  not found</d2p1:Value>
		</d2p1:KeyValueOfintstring>
		<d2p1:KeyValueOfintstring>
			<d2p1:Key>194</d2p1:Key>
			<d2p1:Value> actual values</d2p1:Value>
		</d2p1:KeyValueOfintstring>
		<d2p1:KeyValueOfintstring>
			<d2p1:Key>195</d2p1:Key>
			<d2p1:Value> minimum</d2p1:Value>
		</d2p1:KeyValueOfintstring>
		<d2p1:KeyValueOfintstring>
			<d2p1:Key>196</d2p1:Key>
			<d2p1:Value> Target</d2p1:Value>
		</d2p1:KeyValueOfintstring>
		<d2p1:KeyValueOfintstring>
			<d2p1:Key>197</d2p1:Key>
			<d2p1:Value> maximum</d2p1:Value>
		</d2p1:KeyValueOfintstring>
		<d2p1:KeyValueOfintstring>
			<d2p1:Key>198</d2p1:Key>
			<d2p1:Value> Load</d2p1:Value>
		</d2p1:KeyValueOfintstring>
		<d2p1:KeyValueOfintstring>
			<d2p1:Key>199</d2p1:Key>
			<d2p1:Value>Actual</d2p1:Value>
		</d2p1:KeyValueOfintstring>
		<d2p1:KeyValueOfintstring>
			<d2p1:Key>200</d2p1:Key>
			<d2p1:Value> Role </d2p1:Value>
		</d2p1:KeyValueOfintstring>
		<d2p1:KeyValueOfintstring>
			<d2p1:Key>201</d2p1:Key>
			<d2p1:Value> target-/actual Role Needs </d2p1:Value>
		</d2p1:KeyValueOfintstring>
		<d2p1:KeyValueOfintstring>
			<d2p1:Key>202</d2p1:Key>
			<d2p1:Value> not possible …</d2p1:Value>
		</d2p1:KeyValueOfintstring>
		<d2p1:KeyValueOfintstring>
			<d2p1:Key>203</d2p1:Key>
			<d2p1:Value> Cost </d2p1:Value>
		</d2p1:KeyValueOfintstring>
		<d2p1:KeyValueOfintstring>
			<d2p1:Key>204</d2p1:Key>
			<d2p1:Value> target-/actual Cost </d2p1:Value>
		</d2p1:KeyValueOfintstring>
		<d2p1:KeyValueOfintstring>
			<d2p1:Key>205</d2p1:Key>
			<d2p1:Value> Progress Personnel Cost </d2p1:Value>
		</d2p1:KeyValueOfintstring>
		<d2p1:KeyValueOfintstring>
			<d2p1:Key>206</d2p1:Key>
			<d2p1:Value>Progress Other Costs</d2p1:Value>
		</d2p1:KeyValueOfintstring>
		<d2p1:KeyValueOfintstring>
			<d2p1:Key>207</d2p1:Key>
			<d2p1:Value>Progress Total Cost</d2p1:Value>
		</d2p1:KeyValueOfintstring>
		<d2p1:KeyValueOfintstring>
			<d2p1:Key>208</d2p1:Key>
			<d2p1:Value>Progress Role</d2p1:Value>
		</d2p1:KeyValueOfintstring>
		<d2p1:KeyValueOfintstring>
			<d2p1:Key>209</d2p1:Key>
			<d2p1:Value>Progress Cost </d2p1:Value>
		</d2p1:KeyValueOfintstring>
		<d2p1:KeyValueOfintstring>
			<d2p1:Key>210</d2p1:Key>
			<d2p1:Value>Improvement Potential for Result</d2p1:Value>
		</d2p1:KeyValueOfintstring>
		<d2p1:KeyValueOfintstring>
			<d2p1:Key>211</d2p1:Key>
			<d2p1:Value>Overview Budget / Result</d2p1:Value>
		</d2p1:KeyValueOfintstring>
		<d2p1:KeyValueOfintstring>
			<d2p1:Key>212</d2p1:Key>
			<d2p1:Value>Result</d2p1:Value>
		</d2p1:KeyValueOfintstring>
		<d2p1:KeyValueOfintstring>
			<d2p1:Key>213</d2p1:Key>
			<d2p1:Value>Strategy/Risk/Profit-Margin</d2p1:Value>
		</d2p1:KeyValueOfintstring>
		<d2p1:KeyValueOfintstring>
			<d2p1:Key>214</d2p1:Key>
			<d2p1:Value>Strategy/Risk/Influence</d2p1:Value>
		</d2p1:KeyValueOfintstring>
		<d2p1:KeyValueOfintstring>
			<d2p1:Key>215</d2p1:Key>
			<d2p1:Value>Time/Risk/Volume</d2p1:Value>
		</d2p1:KeyValueOfintstring>
		<d2p1:KeyValueOfintstring>
			<d2p1:Key>216</d2p1:Key>
			<d2p1:Value>Overview Better/Worse</d2p1:Value>
		</d2p1:KeyValueOfintstring>
		<d2p1:KeyValueOfintstring>
			<d2p1:Key>217</d2p1:Key>
			<d2p1:Value>Overview Capacity Utilization </d2p1:Value>
		</d2p1:KeyValueOfintstring>
		<d2p1:KeyValueOfintstring>
			<d2p1:Key>218</d2p1:Key>
			<d2p1:Value> (PD)</d2p1:Value>
		</d2p1:KeyValueOfintstring>
		<d2p1:KeyValueOfintstring>
			<d2p1:Key>219</d2p1:Key>
			<d2p1:Value>Top 3 Free Capacity </d2p1:Value>
		</d2p1:KeyValueOfintstring>
		<d2p1:KeyValueOfintstring>
			<d2p1:Key>220</d2p1:Key>
			<d2p1:Value>Top 3 Resource Bottlenecks</d2p1:Value>
		</d2p1:KeyValueOfintstring>
		<d2p1:KeyValueOfintstring>
			<d2p1:Key>221</d2p1:Key>
			<d2p1:Value>Current Target Achievements</d2p1:Value>
		</d2p1:KeyValueOfintstring>
		<d2p1:KeyValueOfintstring>
			<d2p1:Key>222</d2p1:Key>
			<d2p1:Value>Forecast Target Achievements</d2p1:Value>
		</d2p1:KeyValueOfintstring>
		<d2p1:KeyValueOfintstring>
			<d2p1:Key>223</d2p1:Key>
			<d2p1:Value>Version: </d2p1:Value>
		</d2p1:KeyValueOfintstring>
		<d2p1:KeyValueOfintstring>
			<d2p1:Key>224</d2p1:Key>
			<d2p1:Value>Timeperiod:</d2p1:Value>
		</d2p1:KeyValueOfintstring>
		<d2p1:KeyValueOfintstring>
			<d2p1:Key>225</d2p1:Key>
			<d2p1:Value>Traffic Light Explanation</d2p1:Value>
		</d2p1:KeyValueOfintstring>
		<d2p1:KeyValueOfintstring>
			<d2p1:Key>226</d2p1:Key>
			<d2p1:Value>Business Unit:</d2p1:Value>
		</d2p1:KeyValueOfintstring>
		<d2p1:KeyValueOfintstring>
			<d2p1:Key>227</d2p1:Key>
			<d2p1:Value>Description</d2p1:Value>
		</d2p1:KeyValueOfintstring>
		<d2p1:KeyValueOfintstring>
			<d2p1:Key>228</d2p1:Key>
			<d2p1:Value>Project Time:</d2p1:Value>
		</d2p1:KeyValueOfintstring>
		<d2p1:KeyValueOfintstring>
			<d2p1:Key>229</d2p1:Key>
			<d2p1:Value>Responsible:</d2p1:Value>
		</d2p1:KeyValueOfintstring>
		<d2p1:KeyValueOfintstring>
			<d2p1:Key>230</d2p1:Key>
			<d2p1:Value>Traffic Light</d2p1:Value>
		</d2p1:KeyValueOfintstring>
		<d2p1:KeyValueOfintstring>
			<d2p1:Key>231</d2p1:Key>
			<d2p1:Value>Trend KPIs</d2p1:Value>
		</d2p1:KeyValueOfintstring>
		<d2p1:KeyValueOfintstring>
			<d2p1:Key>232</d2p1:Key>
			<d2p1:Value>Trend Strategy/Risk</d2p1:Value>
		</d2p1:KeyValueOfintstring>
		<d2p1:KeyValueOfintstring>
			<d2p1:Key>233</d2p1:Key>
			<d2p1:Value>Personnel Needs is zero</d2p1:Value>
		</d2p1:KeyValueOfintstring>
		<d2p1:KeyValueOfintstring>
			<d2p1:Key>234</d2p1:Key>
			<d2p1:Value>Strategy / Risk</d2p1:Value>
		</d2p1:KeyValueOfintstring>
		<d2p1:KeyValueOfintstring>
			<d2p1:Key>235</d2p1:Key>
			<d2p1:Value>Target-/Actual &amp; Forecast</d2p1:Value>
		</d2p1:KeyValueOfintstring>
		<d2p1:KeyValueOfintstring>
			<d2p1:Key>236</d2p1:Key>
			<d2p1:Value>Comparison latest Version</d2p1:Value>
		</d2p1:KeyValueOfintstring>
		<d2p1:KeyValueOfintstring>
			<d2p1:Key>237</d2p1:Key>
			<d2p1:Value>Comparison approved Version</d2p1:Value>
		</d2p1:KeyValueOfintstring>
		<d2p1:KeyValueOfintstring>
			<d2p1:Key>238</d2p1:Key>
			<d2p1:Value>Comparison Project-Template</d2p1:Value>
		</d2p1:KeyValueOfintstring>
		<d2p1:KeyValueOfintstring>
			<d2p1:Key>239</d2p1:Key>
			<d2p1:Value>Projectphases</d2p1:Value>
		</d2p1:KeyValueOfintstring>
		<d2p1:KeyValueOfintstring>
			<d2p1:Key>240</d2p1:Key>
			<d2p1:Value>Business Unit </d2p1:Value>
		</d2p1:KeyValueOfintstring>
		<d2p1:KeyValueOfintstring>
			<d2p1:Key>241</d2p1:Key>
			<d2p1:Value>Dates of Phases</d2p1:Value>
		</d2p1:KeyValueOfintstring>
		<d2p1:KeyValueOfintstring>
			<d2p1:Key>242</d2p1:Key>
			<d2p1:Value>Dates of Milestones</d2p1:Value>
		</d2p1:KeyValueOfintstring>
		<d2p1:KeyValueOfintstring>
			<d2p1:Key>243</d2p1:Key>
			<d2p1:Value>Strategic Fit</d2p1:Value>
		</d2p1:KeyValueOfintstring>
		<d2p1:KeyValueOfintstring>
			<d2p1:Key>244</d2p1:Key>
			<d2p1:Value>Risk </d2p1:Value>
		</d2p1:KeyValueOfintstring>
		<d2p1:KeyValueOfintstring>
			<d2p1:Key>245</d2p1:Key>
			<d2p1:Value>Project Traffic Light</d2p1:Value>
		</d2p1:KeyValueOfintstring>
		<d2p1:KeyValueOfintstring>
			<d2p1:Key>246</d2p1:Key>
			<d2p1:Value>Project Traffic Light Explanation</d2p1:Value>
		</d2p1:KeyValueOfintstring>
		<d2p1:KeyValueOfintstring>
			<d2p1:Key>247</d2p1:Key>
			<d2p1:Value>Dates</d2p1:Value>
		</d2p1:KeyValueOfintstring>
		<d2p1:KeyValueOfintstring>
			<d2p1:Key>248</d2p1:Key>
			<d2p1:Value>Explanation</d2p1:Value>
		</d2p1:KeyValueOfintstring>
		<d2p1:KeyValueOfintstring>
			<d2p1:Key>249</d2p1:Key>
			<d2p1:Value>Forecast Result</d2p1:Value>
		</d2p1:KeyValueOfintstring>
		<d2p1:KeyValueOfintstring>
			<d2p1:Key>250</d2p1:Key>
			<d2p1:Value>strategic Fit, Risk &amp; Margin</d2p1:Value>
		</d2p1:KeyValueOfintstring>
		<d2p1:KeyValueOfintstring>
			<d2p1:Key>251</d2p1:Key>
			<d2p1:Value>Personnel Cost intern/extern</d2p1:Value>
		</d2p1:KeyValueOfintstring>
		<d2p1:KeyValueOfintstring>
			<d2p1:Key>252</d2p1:Key>
			<d2p1:Value>Personnel Cost Structure</d2p1:Value>
		</d2p1:KeyValueOfintstring>
		<d2p1:KeyValueOfintstring>
			<d2p1:Key>253</d2p1:Key>
			<d2p1:Value>Improvement Potential for Result</d2p1:Value>
		</d2p1:KeyValueOfintstring>
		<d2p1:KeyValueOfintstring>
			<d2p1:Key>254</d2p1:Key>
			<d2p1:Value>Current Target Achievements</d2p1:Value>
		</d2p1:KeyValueOfintstring>
		<d2p1:KeyValueOfintstring>
			<d2p1:Key>255</d2p1:Key>
			<d2p1:Value>Forecast Target Achievements</d2p1:Value>
		</d2p1:KeyValueOfintstring>
		<d2p1:KeyValueOfintstring>
			<d2p1:Key>256</d2p1:Key>
			<d2p1:Value>Current &amp; Forecast Target Achievements</d2p1:Value>
		</d2p1:KeyValueOfintstring>
		<d2p1:KeyValueOfintstring>
			<d2p1:Key>257</d2p1:Key>
			<d2p1:Value>Overview Capacity Utilization</d2p1:Value>
		</d2p1:KeyValueOfintstring>
		<d2p1:KeyValueOfintstring>
			<d2p1:Key>258</d2p1:Key>
			<d2p1:Value>Top 3 Resource Bottlenecks</d2p1:Value>
		</d2p1:KeyValueOfintstring>
		<d2p1:KeyValueOfintstring>
			<d2p1:Key>259</d2p1:Key>
			<d2p1:Value>Top 3 Free Capacity </d2p1:Value>
		</d2p1:KeyValueOfintstring>
		<d2p1:KeyValueOfintstring>
			<d2p1:Key>260</d2p1:Key>
			<d2p1:Value>Capacity</d2p1:Value>
		</d2p1:KeyValueOfintstring>
		<d2p1:KeyValueOfintstring>
			<d2p1:Key>261</d2p1:Key>
			<d2p1:Value>Project List</d2p1:Value>
		</d2p1:KeyValueOfintstring>
		<d2p1:KeyValueOfintstring>
			<d2p1:Key>262</d2p1:Key>
			<d2p1:Value>Sum</d2p1:Value>
		</d2p1:KeyValueOfintstring>
		<d2p1:KeyValueOfintstring>
			<d2p1:Key>263</d2p1:Key>
			<d2p1:Value>Project-Name</d2p1:Value>
		</d2p1:KeyValueOfintstring>
		<d2p1:KeyValueOfintstring>
			<d2p1:Key>264</d2p1:Key>
			<d2p1:Value>Type</d2p1:Value>
		</d2p1:KeyValueOfintstring>
		<d2p1:KeyValueOfintstring>
			<d2p1:Key>265</d2p1:Key>
			<d2p1:Value>BU</d2p1:Value>
		</d2p1:KeyValueOfintstring>
		<d2p1:KeyValueOfintstring>
			<d2p1:Key>266</d2p1:Key>
			<d2p1:Value>Budget &amp; vblf &amp; (T€)</d2p1:Value>
		</d2p1:KeyValueOfintstring>
		<d2p1:KeyValueOfintstring>
			<d2p1:Key>267</d2p1:Key>
			<d2p1:Value>P.-Needs &amp; vblf &amp; (PD)</d2p1:Value>
		</d2p1:KeyValueOfintstring>
		<d2p1:KeyValueOfintstring>
			<d2p1:Key>268</d2p1:Key>
			<d2p1:Value>Ext.-Cost &amp; vblf &amp; (T€)</d2p1:Value>
		</d2p1:KeyValueOfintstring>
		<d2p1:KeyValueOfintstring>
			<d2p1:Key>269</d2p1:Key>
			<d2p1:Value>Result &amp; vblf &amp; (T€)</d2p1:Value>
		</d2p1:KeyValueOfintstring>
		<d2p1:KeyValueOfintstring>
			<d2p1:Key>270</d2p1:Key>
			<d2p1:Value>rE&amp; vblf &amp;(T€)</d2p1:Value>
		</d2p1:KeyValueOfintstring>
		<d2p1:KeyValueOfintstring>
			<d2p1:Key>271</d2p1:Key>
			<d2p1:Value>rT&amp; vblf &amp;(days)</d2p1:Value>
		</d2p1:KeyValueOfintstring>
		<d2p1:KeyValueOfintstring>
			<d2p1:Key>272</d2p1:Key>
			<d2p1:Value>rD&amp; vblf &amp;(Deliv.)</d2p1:Value>
		</d2p1:KeyValueOfintstring>
		<d2p1:KeyValueOfintstring>
			<d2p1:Key>273</d2p1:Key>
			<d2p1:Value>Version from</d2p1:Value>
		</d2p1:KeyValueOfintstring>
		<d2p1:KeyValueOfintstring>
			<d2p1:Key>274</d2p1:Key>
			<d2p1:Value>PD</d2p1:Value>
		</d2p1:KeyValueOfintstring>
		<d2p1:KeyValueOfintstring>
			<d2p1:Key>275</d2p1:Key>
			<d2p1:Value>Sum over all projects</d2p1:Value>
		</d2p1:KeyValueOfintstring>
		<d2p1:KeyValueOfintstring>
			<d2p1:Key>276</d2p1:Key>
			<d2p1:Value>placeholder</d2p1:Value>
		</d2p1:KeyValueOfintstring>
		<d2p1:KeyValueOfintstring>
			<d2p1:Key>277</d2p1:Key>
			<d2p1:Value>assigned</d2p1:Value>
		</d2p1:KeyValueOfintstring>
	</_allReportMsg>
</clsReportMessages>