﻿<clsReportMessages xmlns:i="http://www.w3.org/2001/XMLSchema-instance" xmlns="http://schemas.datacontract.org/2004/07/ProjectBoardDefinitions">
	<_allReportMsg xmlns:d2p1="http://schemas.microsoft.com/2003/10/Serialization/Arrays">
		<d2p1:KeyValueOfintstring>
			<d2p1:Key>1</d2p1:Key>
			<d2p1:Value>Shape für Legenden-Liste hat keine Tabelle</d2p1:Value>
		</d2p1:KeyValueOfintstring>
		<d2p1:KeyValueOfintstring>
			<d2p1:Key>2</d2p1:Key>
			<d2p1:Value>Tabelle hat keine durch 3 teilbare Anzahl Spalten &amp; vblf &amp; Symbol, Short- und Long-Name</d2p1:Value>
		</d2p1:KeyValueOfintstring>
		<d2p1:KeyValueOfintstring>
			<d2p1:Key>3</d2p1:Key>
			<d2p1:Value>Tabelle muss mindestens 2 Zeilen haben .... </d2p1:Value>
		</d2p1:KeyValueOfintstring>
		<d2p1:KeyValueOfintstring>
			<d2p1:Key>4</d2p1:Key>
			<d2p1:Value>Produktlinie ist undefiniert</d2p1:Value>
		</d2p1:KeyValueOfintstring>
		<d2p1:KeyValueOfintstring>
			<d2p1:Key>5</d2p1:Key>
			<d2p1:Value>Anzahl Zeilen in der Tabelle sind nicht ausreichend. &amp; vblf &amp; Tabelle muss anders definiert werden .... </d2p1:Value>
		</d2p1:KeyValueOfintstring>
		<d2p1:KeyValueOfintstring>
			<d2p1:Key>6</d2p1:Key>
			<d2p1:Value>Die LegendenTabelle wird zu groß für eine Seite. &amp; vblf &amp; Tabelle muss anders definiert werden .... </d2p1:Value>
		</d2p1:KeyValueOfintstring>
		<d2p1:KeyValueOfintstring>
			<d2p1:Key>7</d2p1:Key>
			<d2p1:Value>die Legenden Symbole Phase oder Meilenstein fehlen </d2p1:Value>
		</d2p1:KeyValueOfintstring>
		<d2p1:KeyValueOfintstring>
			<d2p1:Key>8</d2p1:Key>
			<d2p1:Value>Vorlage ist weder ein A4 noch ein A3 Format ... bitte verwenden Sie eine A4 oder A3 Vorlage</d2p1:Value>
		</d2p1:KeyValueOfintstring>
		<d2p1:KeyValueOfintstring>
			<d2p1:Key>9</d2p1:Key>
			<d2p1:Value>Kalender Start bis Ende kann nicht 0 oder kleiner sein ..</d2p1:Value>
		</d2p1:KeyValueOfintstring>
		<d2p1:KeyValueOfintstring>
			<d2p1:Key>10</d2p1:Key>
			<d2p1:Value>Für dieses Projekt ist zuwenig Platz auf einer Seite: </d2p1:Value>
		</d2p1:KeyValueOfintstring>
		<d2p1:KeyValueOfintstring>
			<d2p1:Key>11</d2p1:Key>
			<d2p1:Value>...  </d2p1:Value>
		</d2p1:KeyValueOfintstring>
		<d2p1:KeyValueOfintstring>
			<d2p1:Key>12</d2p1:Key>
			<d2p1:Value> bitte verwenden Sie ein anderes Vorlagen-Format: Es konnten nicht alle Projekte gezeichnet werden! Nur </d2p1:Value>
		</d2p1:KeyValueOfintstring>
		<d2p1:KeyValueOfintstring>
			<d2p1:Key>13</d2p1:Key>
			<d2p1:Value>  von  </d2p1:Value>
		</d2p1:KeyValueOfintstring>
		<d2p1:KeyValueOfintstring>
			<d2p1:Key>14</d2p1:Key>
			<d2p1:Value> ohne Name</d2p1:Value>
		</d2p1:KeyValueOfintstring>
		<d2p1:KeyValueOfintstring>
			<d2p1:Key>15</d2p1:Key>
			<d2p1:Value> Projekt, ggf. mit &amp; vblf &amp; Anfangs- und Ende-Markierung</d2p1:Value>
		</d2p1:KeyValueOfintstring>
		<d2p1:KeyValueOfintstring>
			<d2p1:Key>16</d2p1:Key>
			<d2p1:Value> Platz für die Legende reicht nicht aus. Evt.muss eine neue Vorlage definiert werden!</d2p1:Value>
		</d2p1:KeyValueOfintstring>
		<d2p1:KeyValueOfintstring>
			<d2p1:Key>17</d2p1:Key>
			<d2p1:Value> Projekt-Ampeln</d2p1:Value>
		</d2p1:KeyValueOfintstring>
		<d2p1:KeyValueOfintstring>
			<d2p1:Key>18</d2p1:Key>
			<d2p1:Value> Meilenstein-Ampeln</d2p1:Value>
		</d2p1:KeyValueOfintstring>
		<d2p1:KeyValueOfintstring>
			<d2p1:Key>19</d2p1:Key>
			<d2p1:Value>es fehlen Shapes: </d2p1:Value>
		</d2p1:KeyValueOfintstring>
		<d2p1:KeyValueOfintstring>
			<d2p1:Key>20</d2p1:Key>
			<d2p1:Value>  ... existiert in diesem Projekt nicht ...</d2p1:Value>
		</d2p1:KeyValueOfintstring>
		<d2p1:KeyValueOfintstring>
			<d2p1:Key>21</d2p1:Key>
			<d2p1:Value>Meilenstein Trendanalyse </d2p1:Value>
		</d2p1:KeyValueOfintstring>
		<d2p1:KeyValueOfintstring>
			<d2p1:Key>22</d2p1:Key>
			<d2p1:Value> zu diesem Projekt gibt es noch keine Trend-Analyse, &amp; vblf &amp; da es noch nicht begonnen hat</d2p1:Value>
		</d2p1:KeyValueOfintstring>
		<d2p1:KeyValueOfintstring>
			<d2p1:Key>23</d2p1:Key>
			<d2p1:Value>  es gibt keine Meilensteine im Projekt</d2p1:Value>
		</d2p1:KeyValueOfintstring>
		<d2p1:KeyValueOfintstring>
			<d2p1:Key>24</d2p1:Key>
			<d2p1:Value> Projekt-Vorlage existiert nicht ! </d2p1:Value>
		</d2p1:KeyValueOfintstring>
		<d2p1:KeyValueOfintstring>
			<d2p1:Key>25</d2p1:Key>
			<d2p1:Value> Vorlage konnte nicht bestimmt werden</d2p1:Value>
		</d2p1:KeyValueOfintstring>
		<d2p1:KeyValueOfintstring>
			<d2p1:Key>26</d2p1:Key>
			<d2p1:Value> es gibt keine Beauftragung</d2p1:Value>
		</d2p1:KeyValueOfintstring>
		<d2p1:KeyValueOfintstring>
			<d2p1:Key>27</d2p1:Key>
			<d2p1:Value> es gibt keinen letzten Stand</d2p1:Value>
		</d2p1:KeyValueOfintstring>
		<d2p1:KeyValueOfintstring>
			<d2p1:Key>28</d2p1:Key>
			<d2p1:Value> Shape hat keine Tabelle</d2p1:Value>
		</d2p1:KeyValueOfintstring>
		<d2p1:KeyValueOfintstring>
			<d2p1:Key>29</d2p1:Key>
			<d2p1:Value> Shape hat zu wenige Spalten (min 4) </d2p1:Value>
		</d2p1:KeyValueOfintstring>
		<d2p1:KeyValueOfintstring>
			<d2p1:Key>30</d2p1:Key>
			<d2p1:Value> Tabelle Projektziele hat evtl unzulässige Anzahl Zeilen / Spalten ...</d2p1:Value>
		</d2p1:KeyValueOfintstring>
		<d2p1:KeyValueOfintstring>
			<d2p1:Key>31</d2p1:Key>
			<d2p1:Value> Projekt</d2p1:Value>
		</d2p1:KeyValueOfintstring>
		<d2p1:KeyValueOfintstring>
			<d2p1:Key>32</d2p1:Key>
			<d2p1:Value>  nicht verfügbar</d2p1:Value>
		</d2p1:KeyValueOfintstring>
		<d2p1:KeyValueOfintstring>
			<d2p1:Key>33</d2p1:Key>
			<d2p1:Value> siehe folgende Charts</d2p1:Value>
		</d2p1:KeyValueOfintstring>
		<d2p1:KeyValueOfintstring>
			<d2p1:Key>34</d2p1:Key>
			<d2p1:Value> identisch</d2p1:Value>
		</d2p1:KeyValueOfintstring>
		<d2p1:KeyValueOfintstring>
			<d2p1:Key>35</d2p1:Key>
			<d2p1:Value> Ende: </d2p1:Value>
		</d2p1:KeyValueOfintstring>
		<d2p1:KeyValueOfintstring>
			<d2p1:Key>36</d2p1:Key>
			<d2p1:Value> Tabelle Projektänderungen hat evtl unzulässige Anzahl Zeilen / Spalten …</d2p1:Value>
		</d2p1:KeyValueOfintstring>
		<d2p1:KeyValueOfintstring>
			<d2p1:Key>37</d2p1:Key>
			<d2p1:Value> Anzahl der Zeilen oder Spalten in der Projektstatus Tabelle passt nicht ...</d2p1:Value>
		</d2p1:KeyValueOfintstring>
		<d2p1:KeyValueOfintstring>
			<d2p1:Key>38</d2p1:Key>
			<d2p1:Value> Prognose</d2p1:Value>
		</d2p1:KeyValueOfintstring>
		<d2p1:KeyValueOfintstring>
			<d2p1:Key>39</d2p1:Key>
			<d2p1:Value>Es gibt noch keinen Trend für das Projekt '</d2p1:Value>
		</d2p1:KeyValueOfintstring>
		<d2p1:KeyValueOfintstring>
			<d2p1:Key>40</d2p1:Key>
			<d2p1:Value> keine Meilensteine angegeben!</d2p1:Value>
		</d2p1:KeyValueOfintstring>
		<d2p1:KeyValueOfintstring>
			<d2p1:Key>41</d2p1:Key>
			<d2p1:Value> Berichtszeiträume</d2p1:Value>
		</d2p1:KeyValueOfintstring>
		<d2p1:KeyValueOfintstring>
			<d2p1:Key>42</d2p1:Key>
			<d2p1:Value>Vorlage  </d2p1:Value>
		</d2p1:KeyValueOfintstring>
		<d2p1:KeyValueOfintstring>
			<d2p1:Key>43</d2p1:Key>
			<d2p1:Value>Beauftragung </d2p1:Value>
		</d2p1:KeyValueOfintstring>
		<d2p1:KeyValueOfintstring>
			<d2p1:Key>44</d2p1:Key>
			<d2p1:Value> letzter Stand </d2p1:Value>
		</d2p1:KeyValueOfintstring>
		<d2p1:KeyValueOfintstring>
			<d2p1:Key>45</d2p1:Key>
			<d2p1:Value> Tage</d2p1:Value>
		</d2p1:KeyValueOfintstring>
		<d2p1:KeyValueOfintstring>
			<d2p1:Key>46</d2p1:Key>
			<d2p1:Value> Monate</d2p1:Value>
		</d2p1:KeyValueOfintstring>
		<d2p1:KeyValueOfintstring>
			<d2p1:Key>47</d2p1:Key>
			<d2p1:Value>  (Beauftragung) </d2p1:Value>
		</d2p1:KeyValueOfintstring>
		<d2p1:KeyValueOfintstring>
			<d2p1:Key>48</d2p1:Key>
			<d2p1:Value>  (letzter Stand)</d2p1:Value>
		</d2p1:KeyValueOfintstring>
		<d2p1:KeyValueOfintstring>
			<d2p1:Key>49</d2p1:Key>
			<d2p1:Value>Budget</d2p1:Value>
		</d2p1:KeyValueOfintstring>
		<d2p1:KeyValueOfintstring>
			<d2p1:Key>50</d2p1:Key>
			<d2p1:Value>Risiko-Abschlag</d2p1:Value>
		</d2p1:KeyValueOfintstring>
		<d2p1:KeyValueOfintstring>
			<d2p1:Key>51</d2p1:Key>
			<d2p1:Value>Personalkosten</d2p1:Value>
		</d2p1:KeyValueOfintstring>
		<d2p1:KeyValueOfintstring>
			<d2p1:Key>52</d2p1:Key>
			<d2p1:Value>Sonstige Kosten</d2p1:Value>
		</d2p1:KeyValueOfintstring>
		<d2p1:KeyValueOfintstring>
			<d2p1:Key>53</d2p1:Key>
			<d2p1:Value>Gewinn/Verlust</d2p1:Value>
		</d2p1:KeyValueOfintstring>
		<d2p1:KeyValueOfintstring>
			<d2p1:Key>54</d2p1:Key>
			<d2p1:Value> Earned Value</d2p1:Value>
		</d2p1:KeyValueOfintstring>
		<d2p1:KeyValueOfintstring>
			<d2p1:Key>55</d2p1:Key>
			<d2p1:Value> Earned Value - gewichtet</d2p1:Value>
		</d2p1:KeyValueOfintstring>
		<d2p1:KeyValueOfintstring>
			<d2p1:Key>56</d2p1:Key>
			<d2p1:Value> Verbesserungs-Potential</d2p1:Value>
		</d2p1:KeyValueOfintstring>
		<d2p1:KeyValueOfintstring>
			<d2p1:Key>57</d2p1:Key>
			<d2p1:Value> Risiko-Abschlag</d2p1:Value>
		</d2p1:KeyValueOfintstring>
		<d2p1:KeyValueOfintstring>
			<d2p1:Key>58</d2p1:Key>
			<d2p1:Value> Phasen - Übersicht</d2p1:Value>
		</d2p1:KeyValueOfintstring>
		<d2p1:KeyValueOfintstring>
			<d2p1:Key>59</d2p1:Key>
			<d2p1:Value> Rollen - Übersicht</d2p1:Value>
		</d2p1:KeyValueOfintstring>
		<d2p1:KeyValueOfintstring>
			<d2p1:Key>60</d2p1:Key>
			<d2p1:Value> Kosten - Übersicht</d2p1:Value>
		</d2p1:KeyValueOfintstring>
		<d2p1:KeyValueOfintstring>
			<d2p1:Key>61</d2p1:Key>
			<d2p1:Value> Komplexität, Risiko und Volumen</d2p1:Value>
		</d2p1:KeyValueOfintstring>
		<d2p1:KeyValueOfintstring>
			<d2p1:Key>62</d2p1:Key>
			<d2p1:Value> Zeit, Risiko und Volumen</d2p1:Value>
		</d2p1:KeyValueOfintstring>
		<d2p1:KeyValueOfintstring>
			<d2p1:Key>63</d2p1:Key>
			<d2p1:Value> Meilenstein - Übersicht</d2p1:Value>
		</d2p1:KeyValueOfintstring>
		<d2p1:KeyValueOfintstring>
			<d2p1:Key>64</d2p1:Key>
			<d2p1:Value> strategischer Fit, Risiko &amp; Volumen</d2p1:Value>
		</d2p1:KeyValueOfintstring>
		<d2p1:KeyValueOfintstring>
			<d2p1:Key>65</d2p1:Key>
			<d2p1:Value> Abhängigkeiten: Aktive bzw passive Beeinflussung</d2p1:Value>
		</d2p1:KeyValueOfintstring>
		<d2p1:KeyValueOfintstring>
			<d2p1:Key>66</d2p1:Key>
			<d2p1:Value> Abweichungen zum letztem Stand</d2p1:Value>
		</d2p1:KeyValueOfintstring>
		<d2p1:KeyValueOfintstring>
			<d2p1:Key>67</d2p1:Key>
			<d2p1:Value> Abweichungen zur Beauftragung</d2p1:Value>
		</d2p1:KeyValueOfintstring>
		<d2p1:KeyValueOfintstring>
			<d2p1:Key>68</d2p1:Key>
			<d2p1:Value> Budget / Ergebnis Übersicht</d2p1:Value>
		</d2p1:KeyValueOfintstring>
		<d2p1:KeyValueOfintstring>
			<d2p1:Key>69</d2p1:Key>
			<d2p1:Value> strategischer Fit, Risiko &amp; Ausstrahlung</d2p1:Value>
		</d2p1:KeyValueOfintstring>
		<d2p1:KeyValueOfintstring>
			<d2p1:Key>70</d2p1:Key>
			<d2p1:Value> Fehler in CreatePortfolioDiagramm </d2p1:Value>
		</d2p1:KeyValueOfintstring>
		<d2p1:KeyValueOfintstring>
			<d2p1:Key>71</d2p1:Key>
			<d2p1:Value>  Abh.)</d2p1:Value>
		</d2p1:KeyValueOfintstring>
		<d2p1:KeyValueOfintstring>
			<d2p1:Key>72</d2p1:Key>
			<d2p1:Value> strategischer Fit</d2p1:Value>
		</d2p1:KeyValueOfintstring>
		<d2p1:KeyValueOfintstring>
			<d2p1:Key>73</d2p1:Key>
			<d2p1:Value> Projekt-Dauer</d2p1:Value>
		</d2p1:KeyValueOfintstring>
		<d2p1:KeyValueOfintstring>
			<d2p1:Key>74</d2p1:Key>
			<d2p1:Value> Komplexität</d2p1:Value>
		</d2p1:KeyValueOfintstring>
		<d2p1:KeyValueOfintstring>
			<d2p1:Key>75</d2p1:Key>
			<d2p1:Value> Abhängigkeit</d2p1:Value>
		</d2p1:KeyValueOfintstring>
		<d2p1:KeyValueOfintstring>
			<d2p1:Key>76</d2p1:Key>
			<d2p1:Value> Ausstrahlung</d2p1:Value>
		</d2p1:KeyValueOfintstring>
		<d2p1:KeyValueOfintstring>
			<d2p1:Key>77</d2p1:Key>
			<d2p1:Value> Risiko</d2p1:Value>
		</d2p1:KeyValueOfintstring>
		<d2p1:KeyValueOfintstring>
			<d2p1:Key>78</d2p1:Key>
			<d2p1:Value> Fehler in UpdatePortfolioDiagramm  </d2p1:Value>
		</d2p1:KeyValueOfintstring>
		<d2p1:KeyValueOfintstring>
			<d2p1:Key>79</d2p1:Key>
			<d2p1:Value> Absolute </d2p1:Value>
		</d2p1:KeyValueOfintstring>
		<d2p1:KeyValueOfintstring>
			<d2p1:Key>80</d2p1:Key>
			<d2p1:Value> Prozentuale  </d2p1:Value>
		</d2p1:KeyValueOfintstring>
		<d2p1:KeyValueOfintstring>
			<d2p1:Key>81</d2p1:Key>
			<d2p1:Value>Datenbank-Verbindung ist unterbrochen! &amp; vblf &amp; Projekthistorie konnte nicht geladen werden</d2p1:Value>
		</d2p1:KeyValueOfintstring>
		<d2p1:KeyValueOfintstring>
			<d2p1:Key>82</d2p1:Key>
			<d2p1:Value> Fehler in CreateBetterWorsePortfolio  </d2p1:Value>
		</d2p1:KeyValueOfintstring>
		<d2p1:KeyValueOfintstring>
			<d2p1:Key>83</d2p1:Key>
			<d2p1:Value> es gibt keine Projekte mit Abweichungen, die größer als die tolerierten Werte sind </d2p1:Value>
		</d2p1:KeyValueOfintstring>
		<d2p1:KeyValueOfintstring>
			<d2p1:Key>84</d2p1:Key>
			<d2p1:Value> Zeit-Toleranz Projekt-Ende: +/-</d2p1:Value>
		</d2p1:KeyValueOfintstring>
		<d2p1:KeyValueOfintstring>
			<d2p1:Key>85</d2p1:Key>
			<d2p1:Value>  Zeit-Toleranz nächster Meilenstein: +/-</d2p1:Value>
		</d2p1:KeyValueOfintstring>
		<d2p1:KeyValueOfintstring>
			<d2p1:Key>86</d2p1:Key>
			<d2p1:Value> Zeit-Toleranz: +/-</d2p1:Value>
		</d2p1:KeyValueOfintstring>
		<d2p1:KeyValueOfintstring>
			<d2p1:Key>87</d2p1:Key>
			<d2p1:Value> Kosten-Toleranz: +/-</d2p1:Value>
		</d2p1:KeyValueOfintstring>
		<d2p1:KeyValueOfintstring>
			<d2p1:Key>88</d2p1:Key>
			<d2p1:Value> Zeit-Abweichung bis nächster Meilenstein</d2p1:Value>
		</d2p1:KeyValueOfintstring>
		<d2p1:KeyValueOfintstring>
			<d2p1:Key>89</d2p1:Key>
			<d2p1:Value> Zeitabweichung Projektende</d2p1:Value>
		</d2p1:KeyValueOfintstring>
		<d2p1:KeyValueOfintstring>
			<d2p1:Key>90</d2p1:Key>
			<d2p1:Value> Kosten-Abweichung</d2p1:Value>
		</d2p1:KeyValueOfintstring>
		<d2p1:KeyValueOfintstring>
			<d2p1:Key>91</d2p1:Key>
			<d2p1:Value>  Projekte innerhalb der Toleranz (+/- </d2p1:Value>
		</d2p1:KeyValueOfintstring>
		<d2p1:KeyValueOfintstring>
			<d2p1:Key>92</d2p1:Key>
			<d2p1:Value>  Projekte ohne letzten Stand</d2p1:Value>
		</d2p1:KeyValueOfintstring>
		<d2p1:KeyValueOfintstring>
			<d2p1:Key>93</d2p1:Key>
			<d2p1:Value> Auslastung</d2p1:Value>
		</d2p1:KeyValueOfintstring>
		<d2p1:KeyValueOfintstring>
			<d2p1:Key>94</d2p1:Key>
			<d2p1:Value> Über-Auslastung</d2p1:Value>
		</d2p1:KeyValueOfintstring>
		<d2p1:KeyValueOfintstring>
			<d2p1:Key>95</d2p1:Key>
			<d2p1:Value> Unter-Auslastung</d2p1:Value>
		</d2p1:KeyValueOfintstring>
		<d2p1:KeyValueOfintstring>
			<d2p1:Key>96</d2p1:Key>
			<d2p1:Value> keine Rollen-Bedarfe definiert</d2p1:Value>
		</d2p1:KeyValueOfintstring>
		<d2p1:KeyValueOfintstring>
			<d2p1:Key>97</d2p1:Key>
			<d2p1:Value> keine Information</d2p1:Value>
		</d2p1:KeyValueOfintstring>
		<d2p1:KeyValueOfintstring>
			<d2p1:Key>98</d2p1:Key>
			<d2p1:Value> erreicht</d2p1:Value>
		</d2p1:KeyValueOfintstring>
		<d2p1:KeyValueOfintstring>
			<d2p1:Key>99</d2p1:Key>
			<d2p1:Value> mit Einschränkungen</d2p1:Value>
		</d2p1:KeyValueOfintstring>
		<d2p1:KeyValueOfintstring>
			<d2p1:Key>100</d2p1:Key>
			<d2p1:Value> nicht erreicht</d2p1:Value>
		</d2p1:KeyValueOfintstring>
		<d2p1:KeyValueOfintstring>
			<d2p1:Key>101</d2p1:Key>
			<d2p1:Value> der betrachtete Bereich liegt vollständig in der Zukunft ... es gibt keine erreichten Ziele</d2p1:Value>
		</d2p1:KeyValueOfintstring>
		<d2p1:KeyValueOfintstring>
			<d2p1:Key>102</d2p1:Key>
			<d2p1:Value> wird erreicht</d2p1:Value>
		</d2p1:KeyValueOfintstring>
		<d2p1:KeyValueOfintstring>
			<d2p1:Key>103</d2p1:Key>
			<d2p1:Value> Unsicherheiten</d2p1:Value>
		</d2p1:KeyValueOfintstring>
		<d2p1:KeyValueOfintstring>
			<d2p1:Key>104</d2p1:Key>
			<d2p1:Value> erhebliche Risiken</d2p1:Value>
		</d2p1:KeyValueOfintstring>
		<d2p1:KeyValueOfintstring>
			<d2p1:Key>105</d2p1:Key>
			<d2p1:Value> der betrachtete Bereich liegt vollständig in der Vergangenheit ... es gibt keine Prognose Werte</d2p1:Value>
		</d2p1:KeyValueOfintstring>
		<d2p1:KeyValueOfintstring>
			<d2p1:Key>106</d2p1:Key>
			<d2p1:Value> keine Angabe in Zielerreichungsdiagramm, ob Vergangenheit oder Zukunft betrachtet werden soll </d2p1:Value>
		</d2p1:KeyValueOfintstring>
		<d2p1:KeyValueOfintstring>
			<d2p1:Key>107</d2p1:Key>
			<d2p1:Value> es gibt im betrachteten Zeitraum keine Ergebnisse aus der Vergangenheit ...</d2p1:Value>
		</d2p1:KeyValueOfintstring>
		<d2p1:KeyValueOfintstring>
			<d2p1:Key>108</d2p1:Key>
			<d2p1:Value> es gibt im betrachteten Zeitraum keine geplanten, zukünftigen Ergebnisse ...</d2p1:Value>
		</d2p1:KeyValueOfintstring>
		<d2p1:KeyValueOfintstring>
			<d2p1:Key>109</d2p1:Key>
			<d2p1:Value> es gibt im betrachteten Zeitraum keine vergangenen oder zukünftigen Ergebnisse ...</d2p1:Value>
		</d2p1:KeyValueOfintstring>
		<d2p1:KeyValueOfintstring>
			<d2p1:Key>110</d2p1:Key>
			<d2p1:Value> Phase </d2p1:Value>
		</d2p1:KeyValueOfintstring>
		<d2p1:KeyValueOfintstring>
			<d2p1:Key>111</d2p1:Key>
			<d2p1:Value> nicht definiert: </d2p1:Value>
		</d2p1:KeyValueOfintstring>
		<d2p1:KeyValueOfintstring>
			<d2p1:Key>112</d2p1:Key>
			<d2p1:Value> keine Phase / Rolle / Kostenart / Ergebnisart / Meilenstein ausgewählt ...</d2p1:Value>
		</d2p1:KeyValueOfintstring>
		<d2p1:KeyValueOfintstring>
			<d2p1:Key>113</d2p1:Key>
			<d2p1:Value> Ergebnis-Übersicht</d2p1:Value>
		</d2p1:KeyValueOfintstring>
		<d2p1:KeyValueOfintstring>
			<d2p1:Key>114</d2p1:Key>
			<d2p1:Value> Übersicht</d2p1:Value>
		</d2p1:KeyValueOfintstring>
		<d2p1:KeyValueOfintstring>
			<d2p1:Key>115</d2p1:Key>
			<d2p1:Value>  intern </d2p1:Value>
		</d2p1:KeyValueOfintstring>
		<d2p1:KeyValueOfintstring>
			<d2p1:Key>116</d2p1:Key>
			<d2p1:Value>externe Dienstleister  </d2p1:Value>
		</d2p1:KeyValueOfintstring>
		<d2p1:KeyValueOfintstring>
			<d2p1:Key>117</d2p1:Key>
			<d2p1:Value> Risiko Abschlag</d2p1:Value>
		</d2p1:KeyValueOfintstring>
		<d2p1:KeyValueOfintstring>
			<d2p1:Key>118</d2p1:Key>
			<d2p1:Value> Kapazität inkl. Externe</d2p1:Value>
		</d2p1:KeyValueOfintstring>
		<d2p1:KeyValueOfintstring>
			<d2p1:Key>119</d2p1:Key>
			<d2p1:Value> Leistbarkeitsgrenze</d2p1:Value>
		</d2p1:KeyValueOfintstring>
		<d2p1:KeyValueOfintstring>
			<d2p1:Key>120</d2p1:Key>
			<d2p1:Value> Meilenstein Übersicht</d2p1:Value>
		</d2p1:KeyValueOfintstring>
		<d2p1:KeyValueOfintstring>
			<d2p1:Key>121</d2p1:Key>
			<d2p1:Value> Meilenstein  </d2p1:Value>
		</d2p1:KeyValueOfintstring>
		<d2p1:KeyValueOfintstring>
			<d2p1:Key>122</d2p1:Key>
			<d2p1:Value> nicht vorhanden</d2p1:Value>
		</d2p1:KeyValueOfintstring>
		<d2p1:KeyValueOfintstring>
			<d2p1:Key>123</d2p1:Key>
			<d2p1:Value>Shape für Szenario-Liste hat keine Tabelle</d2p1:Value>
		</d2p1:KeyValueOfintstring>
		<d2p1:KeyValueOfintstring>
			<d2p1:Key>124</d2p1:Key>
			<d2p1:Value>  &lt;nicht benannt&gt;</d2p1:Value>
		</d2p1:KeyValueOfintstring>
		<d2p1:KeyValueOfintstring>
			<d2p1:Key>125</d2p1:Key>
			<d2p1:Value> kein Zeitraum in Tabelle Anzeigen der Elemente angegeben </d2p1:Value>
		</d2p1:KeyValueOfintstring>
		<d2p1:KeyValueOfintstring>
			<d2p1:Key>126</d2p1:Key>
			<d2p1:Value> keine Elemente angegeben ... </d2p1:Value>
		</d2p1:KeyValueOfintstring>
		<d2p1:KeyValueOfintstring>
			<d2p1:Key>127</d2p1:Key>
			<d2p1:Value> Shape hat keine Tabelle</d2p1:Value>
		</d2p1:KeyValueOfintstring>
		<d2p1:KeyValueOfintstring>
			<d2p1:Key>128</d2p1:Key>
			<d2p1:Value> alle Projekte mit Meilenstein </d2p1:Value>
		</d2p1:KeyValueOfintstring>
		<d2p1:KeyValueOfintstring>
			<d2p1:Key>129</d2p1:Key>
			<d2p1:Value> alle Projekte mit Phase </d2p1:Value>
		</d2p1:KeyValueOfintstring>
		<d2p1:KeyValueOfintstring>
			<d2p1:Key>130</d2p1:Key>
			<d2p1:Value> alle Projekte mit Rolle </d2p1:Value>
		</d2p1:KeyValueOfintstring>
		<d2p1:KeyValueOfintstring>
			<d2p1:Key>131</d2p1:Key>
			<d2p1:Value> alle Projekte mit Kostenart </d2p1:Value>
		</d2p1:KeyValueOfintstring>
		<d2p1:KeyValueOfintstring>
			<d2p1:Key>132</d2p1:Key>
			<d2p1:Value> alle Projekte mit Meilensteinen </d2p1:Value>
		</d2p1:KeyValueOfintstring>
		<d2p1:KeyValueOfintstring>
			<d2p1:Key>133</d2p1:Key>
			<d2p1:Value> alle Projekte mit Phasen </d2p1:Value>
		</d2p1:KeyValueOfintstring>
		<d2p1:KeyValueOfintstring>
			<d2p1:Key>134</d2p1:Key>
			<d2p1:Value> alle Projekte mit Rollen </d2p1:Value>
		</d2p1:KeyValueOfintstring>
		<d2p1:KeyValueOfintstring>
			<d2p1:Key>135</d2p1:Key>
			<d2p1:Value> alle Projekte mit Kostenarten </d2p1:Value>
		</d2p1:KeyValueOfintstring>
		<d2p1:KeyValueOfintstring>
			<d2p1:Key>136</d2p1:Key>
			<d2p1:Value> Keine Projekte im angegebenen Zeitraum vorhanden</d2p1:Value>
		</d2p1:KeyValueOfintstring>
		<d2p1:KeyValueOfintstring>
			<d2p1:Key>137</d2p1:Key>
			<d2p1:Value>  bitte geben Sie einen Zeitraum an ...</d2p1:Value>
		</d2p1:KeyValueOfintstring>
		<d2p1:KeyValueOfintstring>
			<d2p1:Key>138</d2p1:Key>
			<d2p1:Value> es konnten keine Phasen erkannt werden ... </d2p1:Value>
		</d2p1:KeyValueOfintstring>
		<d2p1:KeyValueOfintstring>
			<d2p1:Key>139</d2p1:Key>
			<d2p1:Value> nicht vorhanden</d2p1:Value>
		</d2p1:KeyValueOfintstring>
		<d2p1:KeyValueOfintstring>
			<d2p1:Key>140</d2p1:Key>
			<d2p1:Value> es gibt keine laufenden Projekte im betrachteten Zeitraum ... </d2p1:Value>
		</d2p1:KeyValueOfintstring>
		<d2p1:KeyValueOfintstring>
			<d2p1:Key>141</d2p1:Key>
			<d2p1:Value> Mehrkosten wegen Überauslastung</d2p1:Value>
		</d2p1:KeyValueOfintstring>
		<d2p1:KeyValueOfintstring>
			<d2p1:Key>142</d2p1:Key>
			<d2p1:Value>Opportunitätskosten durch Unterauslastung</d2p1:Value>
		</d2p1:KeyValueOfintstring>
		<d2p1:KeyValueOfintstring>
			<d2p1:Key>143</d2p1:Key>
			<d2p1:Value> Potentiale</d2p1:Value>
		</d2p1:KeyValueOfintstring>
		<d2p1:KeyValueOfintstring>
			<d2p1:Key>144</d2p1:Key>
			<d2p1:Value> Budget Summe</d2p1:Value>
		</d2p1:KeyValueOfintstring>
		<d2p1:KeyValueOfintstring>
			<d2p1:Key>145</d2p1:Key>
			<d2p1:Value> bisherige Kosten</d2p1:Value>
		</d2p1:KeyValueOfintstring>
		<d2p1:KeyValueOfintstring>
			<d2p1:Key>146</d2p1:Key>
			<d2p1:Value> Prognose Kosten</d2p1:Value>
		</d2p1:KeyValueOfintstring>
		<d2p1:KeyValueOfintstring>
			<d2p1:Key>147</d2p1:Key>
			<d2p1:Value> existieren nicht</d2p1:Value>
		</d2p1:KeyValueOfintstring>
		<d2p1:KeyValueOfintstring>
			<d2p1:Key>148</d2p1:Key>
			<d2p1:Value> Ergebnis</d2p1:Value>
		</d2p1:KeyValueOfintstring>
		<d2p1:KeyValueOfintstring>
			<d2p1:Key>149</d2p1:Key>
			<d2p1:Value> Bottom</d2p1:Value>
		</d2p1:KeyValueOfintstring>
		<d2p1:KeyValueOfintstring>
			<d2p1:Key>150</d2p1:Key>
			<d2p1:Value> Top</d2p1:Value>
		</d2p1:KeyValueOfintstring>
		<d2p1:KeyValueOfintstring>
			<d2p1:Key>151</d2p1:Key>
			<d2p1:Value> Summe Projekt-Ergebnisse (Risiko-gewichtet)</d2p1:Value>
		</d2p1:KeyValueOfintstring>
		<d2p1:KeyValueOfintstring>
			<d2p1:Key>152</d2p1:Key>
			<d2p1:Value> Mehrkosten wegen Überauslastung</d2p1:Value>
		</d2p1:KeyValueOfintstring>
		<d2p1:KeyValueOfintstring>
			<d2p1:Key>153</d2p1:Key>
			<d2p1:Value> Opportunitätskosten durch Unterauslastung</d2p1:Value>
		</d2p1:KeyValueOfintstring>
		<d2p1:KeyValueOfintstring>
			<d2p1:Key>154</d2p1:Key>
			<d2p1:Value> Ergebnis-Kennzahl</d2p1:Value>
		</d2p1:KeyValueOfintstring>
		<d2p1:KeyValueOfintstring>
			<d2p1:Key>155</d2p1:Key>
			<d2p1:Value> langsamer</d2p1:Value>
		</d2p1:KeyValueOfintstring>
		<d2p1:KeyValueOfintstring>
			<d2p1:Key>156</d2p1:Key>
			<d2p1:Value> schneller</d2p1:Value>
		</d2p1:KeyValueOfintstring>
		<d2p1:KeyValueOfintstring>
			<d2p1:Key>157</d2p1:Key>
			<d2p1:Value> teurer</d2p1:Value>
		</d2p1:KeyValueOfintstring>
		<d2p1:KeyValueOfintstring>
			<d2p1:Key>158</d2p1:Key>
			<d2p1:Value> günstiger</d2p1:Value>
		</d2p1:KeyValueOfintstring>
		<d2p1:KeyValueOfintstring>
			<d2p1:Key>159</d2p1:Key>
			<d2p1:Value> Personalbedarf  </d2p1:Value>
		</d2p1:KeyValueOfintstring>
		<d2p1:KeyValueOfintstring>
			<d2p1:Key>160</d2p1:Key>
			<d2p1:Value> Personalkosten</d2p1:Value>
		</d2p1:KeyValueOfintstring>
		<d2p1:KeyValueOfintstring>
			<d2p1:Key>161</d2p1:Key>
			<d2p1:Value>keine Ressourcen Bedarfe definiert</d2p1:Value>
		</d2p1:KeyValueOfintstring>
		<d2p1:KeyValueOfintstring>
			<d2p1:Key>162</d2p1:Key>
			<d2p1:Value> Personal-Kosten sind Null</d2p1:Value>
		</d2p1:KeyValueOfintstring>
		<d2p1:KeyValueOfintstring>
			<d2p1:Key>163</d2p1:Key>
			<d2p1:Value> Sonstige Kosten sind Null</d2p1:Value>
		</d2p1:KeyValueOfintstring>
		<d2p1:KeyValueOfintstring>
			<d2p1:Key>164</d2p1:Key>
			<d2p1:Value> Personalkosten</d2p1:Value>
		</d2p1:KeyValueOfintstring>
		<d2p1:KeyValueOfintstring>
			<d2p1:Key>165</d2p1:Key>
			<d2p1:Value>Sonstige Kosten</d2p1:Value>
		</d2p1:KeyValueOfintstring>
		<d2p1:KeyValueOfintstring>
			<d2p1:Key>166</d2p1:Key>
			<d2p1:Value> Gesamtkosten </d2p1:Value>
		</d2p1:KeyValueOfintstring>
		<d2p1:KeyValueOfintstring>
			<d2p1:Key>167</d2p1:Key>
			<d2p1:Value>Summe sonstige Kosten ist Null</d2p1:Value>
		</d2p1:KeyValueOfintstring>
		<d2p1:KeyValueOfintstring>
			<d2p1:Key>168</d2p1:Key>
			<d2p1:Value> Gesamtkosten sind Null</d2p1:Value>
		</d2p1:KeyValueOfintstring>
		<d2p1:KeyValueOfintstring>
			<d2p1:Key>169</d2p1:Key>
			<d2p1:Value> Planungs-Historie strategischer Fit &amp; Risiko: </d2p1:Value>
		</d2p1:KeyValueOfintstring>
		<d2p1:KeyValueOfintstring>
			<d2p1:Key>170</d2p1:Key>
			<d2p1:Value> Strategischer Fit</d2p1:Value>
		</d2p1:KeyValueOfintstring>
		<d2p1:KeyValueOfintstring>
			<d2p1:Key>171</d2p1:Key>
			<d2p1:Value> es existiert noch keine Projekt-Historie</d2p1:Value>
		</d2p1:KeyValueOfintstring>
		<d2p1:KeyValueOfintstring>
			<d2p1:Key>172</d2p1:Key>
			<d2p1:Value> Planungs-Historie Kennzahlen </d2p1:Value>
		</d2p1:KeyValueOfintstring>
		<d2p1:KeyValueOfintstring>
			<d2p1:Key>173</d2p1:Key>
			<d2p1:Value> Budget</d2p1:Value>
		</d2p1:KeyValueOfintstring>
		<d2p1:KeyValueOfintstring>
			<d2p1:Key>174</d2p1:Key>
			<d2p1:Value> Risikokosten</d2p1:Value>
		</d2p1:KeyValueOfintstring>
		<d2p1:KeyValueOfintstring>
			<d2p1:Key>175</d2p1:Key>
			<d2p1:Value>progn. Ergebnis</d2p1:Value>
		</d2p1:KeyValueOfintstring>
		<d2p1:KeyValueOfintstring>
			<d2p1:Key>176</d2p1:Key>
			<d2p1:Value> Fortschritt </d2p1:Value>
		</d2p1:KeyValueOfintstring>
		<d2p1:KeyValueOfintstring>
			<d2p1:Key>177</d2p1:Key>
			<d2p1:Value> geplant</d2p1:Value>
		</d2p1:KeyValueOfintstring>
		<d2p1:KeyValueOfintstring>
			<d2p1:Key>178</d2p1:Key>
			<d2p1:Value> tatsächlich</d2p1:Value>
		</d2p1:KeyValueOfintstring>
		<d2p1:KeyValueOfintstring>
			<d2p1:Key>179</d2p1:Key>
			<d2p1:Value> Projekt hat noch nicht begonnen ... </d2p1:Value>
		</d2p1:KeyValueOfintstring>
		<d2p1:KeyValueOfintstring>
			<d2p1:Key>180</d2p1:Key>
			<d2p1:Value> Projekt ist bereits beendet</d2p1:Value>
		</d2p1:KeyValueOfintstring>
		<d2p1:KeyValueOfintstring>
			<d2p1:Key>181</d2p1:Key>
			<d2p1:Value> Soll-Ist Personalkosten nicht möglich ...</d2p1:Value>
		</d2p1:KeyValueOfintstring>
		<d2p1:KeyValueOfintstring>
			<d2p1:Key>182</d2p1:Key>
			<d2p1:Value> Soll-Ist Sonstige Kosten nicht möglich ...</d2p1:Value>
		</d2p1:KeyValueOfintstring>
		<d2p1:KeyValueOfintstring>
			<d2p1:Key>183</d2p1:Key>
			<d2p1:Value> Soll-Ist Gesamtkosten nicht möglich ...</d2p1:Value>
		</d2p1:KeyValueOfintstring>
		<d2p1:KeyValueOfintstring>
			<d2p1:Key>184</d2p1:Key>
			<d2p1:Value> es gibt keine Beauftragung</d2p1:Value>
		</d2p1:KeyValueOfintstring>
		<d2p1:KeyValueOfintstring>
			<d2p1:Key>185</d2p1:Key>
			<d2p1:Value> es gibt keinen Stand vorher</d2p1:Value>
		</d2p1:KeyValueOfintstring>
		<d2p1:KeyValueOfintstring>
			<d2p1:Key>186</d2p1:Key>
			<d2p1:Value> Fehler in Min-/Max Bestimmung </d2p1:Value>
		</d2p1:KeyValueOfintstring>
		<d2p1:KeyValueOfintstring>
			<d2p1:Key>187</d2p1:Key>
			<d2p1:Value> Min/Max Personalkosten</d2p1:Value>
		</d2p1:KeyValueOfintstring>
		<d2p1:KeyValueOfintstring>
			<d2p1:Key>188</d2p1:Key>
			<d2p1:Value> Soll/Ist Personalkosten</d2p1:Value>
		</d2p1:KeyValueOfintstring>
		<d2p1:KeyValueOfintstring>
			<d2p1:Key>189</d2p1:Key>
			<d2p1:Value> Min/Max Sonstige Kosten</d2p1:Value>
		</d2p1:KeyValueOfintstring>
		<d2p1:KeyValueOfintstring>
			<d2p1:Key>190</d2p1:Key>
			<d2p1:Value> Soll/Ist Sonstige Kosten</d2p1:Value>
		</d2p1:KeyValueOfintstring>
		<d2p1:KeyValueOfintstring>
			<d2p1:Key>191</d2p1:Key>
			<d2p1:Value> Min/Max Gesamtkosten</d2p1:Value>
		</d2p1:KeyValueOfintstring>
		<d2p1:KeyValueOfintstring>
			<d2p1:Key>192</d2p1:Key>
			<d2p1:Value> Soll/Ist Gesamtkosten</d2p1:Value>
		</d2p1:KeyValueOfintstring>
		<d2p1:KeyValueOfintstring>
			<d2p1:Key>193</d2p1:Key>
			<d2p1:Value>  nicht gefunden</d2p1:Value>
		</d2p1:KeyValueOfintstring>
		<d2p1:KeyValueOfintstring>
			<d2p1:Key>194</d2p1:Key>
			<d2p1:Value> Istwerte</d2p1:Value>
		</d2p1:KeyValueOfintstring>
		<d2p1:KeyValueOfintstring>
			<d2p1:Key>195</d2p1:Key>
			<d2p1:Value> Minimum </d2p1:Value>
		</d2p1:KeyValueOfintstring>
		<d2p1:KeyValueOfintstring>
			<d2p1:Key>196</d2p1:Key>
			<d2p1:Value> Soll</d2p1:Value>
		</d2p1:KeyValueOfintstring>
		<d2p1:KeyValueOfintstring>
			<d2p1:Key>197</d2p1:Key>
			<d2p1:Value> Maximum</d2p1:Value>
		</d2p1:KeyValueOfintstring>
		<d2p1:KeyValueOfintstring>
			<d2p1:Key>198</d2p1:Key>
			<d2p1:Value> Last</d2p1:Value>
		</d2p1:KeyValueOfintstring>
		<d2p1:KeyValueOfintstring>
			<d2p1:Key>199</d2p1:Key>
			<d2p1:Value>Ist </d2p1:Value>
		</d2p1:KeyValueOfintstring>
		<d2p1:KeyValueOfintstring>
			<d2p1:Key>200</d2p1:Key>
			<d2p1:Value> Rolle </d2p1:Value>
		</d2p1:KeyValueOfintstring>
		<d2p1:KeyValueOfintstring>
			<d2p1:Key>201</d2p1:Key>
			<d2p1:Value> Soll-Ist Rolle </d2p1:Value>
		</d2p1:KeyValueOfintstring>
		<d2p1:KeyValueOfintstring>
			<d2p1:Key>202</d2p1:Key>
			<d2p1:Value>  nicht möglich ...</d2p1:Value>
		</d2p1:KeyValueOfintstring>
		<d2p1:KeyValueOfintstring>
			<d2p1:Key>203</d2p1:Key>
			<d2p1:Value> Kostenart </d2p1:Value>
		</d2p1:KeyValueOfintstring>
		<d2p1:KeyValueOfintstring>
			<d2p1:Key>204</d2p1:Key>
			<d2p1:Value> Soll-Ist Kostenart </d2p1:Value>
		</d2p1:KeyValueOfintstring>
		<d2p1:KeyValueOfintstring>
			<d2p1:Key>205</d2p1:Key>
			<d2p1:Value> Fortschritt Personalkosten</d2p1:Value>
		</d2p1:KeyValueOfintstring>
		<d2p1:KeyValueOfintstring>
			<d2p1:Key>206</d2p1:Key>
			<d2p1:Value>Fortschritt Sonstige Kosten</d2p1:Value>
		</d2p1:KeyValueOfintstring>
		<d2p1:KeyValueOfintstring>
			<d2p1:Key>207</d2p1:Key>
			<d2p1:Value>Fortschritt Gesamtkosten</d2p1:Value>
		</d2p1:KeyValueOfintstring>
		<d2p1:KeyValueOfintstring>
			<d2p1:Key>208</d2p1:Key>
			<d2p1:Value>Fortschritt Rolle</d2p1:Value>
		</d2p1:KeyValueOfintstring>
		<d2p1:KeyValueOfintstring>
			<d2p1:Key>209</d2p1:Key>
			<d2p1:Value>Fortschritt Kostenart</d2p1:Value>
		</d2p1:KeyValueOfintstring>
		<d2p1:KeyValueOfintstring>
			<d2p1:Key>210</d2p1:Key>
			<d2p1:Value>Ergebnis Verbesserungspotential</d2p1:Value>
		</d2p1:KeyValueOfintstring>
		<d2p1:KeyValueOfintstring>
			<d2p1:Key>211</d2p1:Key>
			<d2p1:Value>Budget / Ergebnis Übersicht </d2p1:Value>
		</d2p1:KeyValueOfintstring>
		<d2p1:KeyValueOfintstring>
			<d2p1:Key>212</d2p1:Key>
			<d2p1:Value>Ergebnis</d2p1:Value>
		</d2p1:KeyValueOfintstring>
		<d2p1:KeyValueOfintstring>
			<d2p1:Key>213</d2p1:Key>
			<d2p1:Value>Strategie/Risiko/Marge</d2p1:Value>
		</d2p1:KeyValueOfintstring>
		<d2p1:KeyValueOfintstring>
			<d2p1:Key>214</d2p1:Key>
			<d2p1:Value>Strategie/Risiko/Ausstrahlung</d2p1:Value>
		</d2p1:KeyValueOfintstring>
		<d2p1:KeyValueOfintstring>
			<d2p1:Key>215</d2p1:Key>
			<d2p1:Value>Zeit/Risiko/Volumen</d2p1:Value>
		</d2p1:KeyValueOfintstring>
		<d2p1:KeyValueOfintstring>
			<d2p1:Key>216</d2p1:Key>
			<d2p1:Value>Übersicht Besser/Schlechter</d2p1:Value>
		</d2p1:KeyValueOfintstring>
		<d2p1:KeyValueOfintstring>
			<d2p1:Key>217</d2p1:Key>
			<d2p1:Value>Übersicht Auslastung </d2p1:Value>
		</d2p1:KeyValueOfintstring>
		<d2p1:KeyValueOfintstring>
			<d2p1:Key>218</d2p1:Key>
			<d2p1:Value> (PT)</d2p1:Value>
		</d2p1:KeyValueOfintstring>
		<d2p1:KeyValueOfintstring>
			<d2p1:Key>219</d2p1:Key>
			<d2p1:Value>Top 3 freie Kapazität </d2p1:Value>
		</d2p1:KeyValueOfintstring>
		<d2p1:KeyValueOfintstring>
			<d2p1:Key>220</d2p1:Key>
			<d2p1:Value>Top 3 Ressourcen Engpässe </d2p1:Value>
		</d2p1:KeyValueOfintstring>
		<d2p1:KeyValueOfintstring>
			<d2p1:Key>221</d2p1:Key>
			<d2p1:Value>Bisherige Zielerreichung</d2p1:Value>
		</d2p1:KeyValueOfintstring>
		<d2p1:KeyValueOfintstring>
			<d2p1:Key>222</d2p1:Key>
			<d2p1:Value>Prognose Zielerreichung</d2p1:Value>
		</d2p1:KeyValueOfintstring>
		<d2p1:KeyValueOfintstring>
			<d2p1:Key>223</d2p1:Key>
			<d2p1:Value>Stand:</d2p1:Value>
		</d2p1:KeyValueOfintstring>
		<d2p1:KeyValueOfintstring>
			<d2p1:Key>224</d2p1:Key>
			<d2p1:Value>Zeitraum:</d2p1:Value>
		</d2p1:KeyValueOfintstring>
		<d2p1:KeyValueOfintstring>
			<d2p1:Key>225</d2p1:Key>
			<d2p1:Value>Ampel-Text</d2p1:Value>
		</d2p1:KeyValueOfintstring>
		<d2p1:KeyValueOfintstring>
			<d2p1:Key>226</d2p1:Key>
			<d2p1:Value>Business-Unit:</d2p1:Value>
		</d2p1:KeyValueOfintstring>
		<d2p1:KeyValueOfintstring>
			<d2p1:Key>227</d2p1:Key>
			<d2p1:Value>Beschreibung</d2p1:Value>
		</d2p1:KeyValueOfintstring>
		<d2p1:KeyValueOfintstring>
			<d2p1:Key>228</d2p1:Key>
			<d2p1:Value>Laufzeit:</d2p1:Value>
		</d2p1:KeyValueOfintstring>
		<d2p1:KeyValueOfintstring>
			<d2p1:Key>229</d2p1:Key>
			<d2p1:Value>Verantwortlich:</d2p1:Value>
		</d2p1:KeyValueOfintstring>
		<d2p1:KeyValueOfintstring>
			<d2p1:Key>230</d2p1:Key>
			<d2p1:Value>Ampel-Farbe</d2p1:Value>
		</d2p1:KeyValueOfintstring>
		<d2p1:KeyValueOfintstring>
			<d2p1:Key>231</d2p1:Key>
			<d2p1:Value>Trend Kennzahlen</d2p1:Value>
		</d2p1:KeyValueOfintstring>
		<d2p1:KeyValueOfintstring>
			<d2p1:Key>232</d2p1:Key>
			<d2p1:Value>Trend Strategischer Fit/Risiko</d2p1:Value>
		</d2p1:KeyValueOfintstring>
		<d2p1:KeyValueOfintstring>
			<d2p1:Key>233</d2p1:Key>
			<d2p1:Value>Personal-Bedarf ist Null</d2p1:Value>
		</d2p1:KeyValueOfintstring>
		<d2p1:KeyValueOfintstring>
			<d2p1:Key>234</d2p1:Key>
			<d2p1:Value>Strategie/Risiko</d2p1:Value>
		</d2p1:KeyValueOfintstring>
		<d2p1:KeyValueOfintstring>
			<d2p1:Key>235</d2p1:Key>
			<d2p1:Value>Soll-Ist &amp; Prognose</d2p1:Value>
		</d2p1:KeyValueOfintstring>
		<d2p1:KeyValueOfintstring>
			<d2p1:Key>236</d2p1:Key>
			<d2p1:Value>Vergleich mit letztem Stand</d2p1:Value>
		</d2p1:KeyValueOfintstring>
		<d2p1:KeyValueOfintstring>
			<d2p1:Key>237</d2p1:Key>
			<d2p1:Value>Vergleich mit Beauftragung</d2p1:Value>
		</d2p1:KeyValueOfintstring>
		<d2p1:KeyValueOfintstring>
			<d2p1:Key>238</d2p1:Key>
			<d2p1:Value>Vergleich mit Vorlage</d2p1:Value>
		</d2p1:KeyValueOfintstring>
		<d2p1:KeyValueOfintstring>
			<d2p1:Key>239</d2p1:Key>
			<d2p1:Value>Projektphasen</d2p1:Value>
		</d2p1:KeyValueOfintstring>
		<d2p1:KeyValueOfintstring>
			<d2p1:Key>240</d2p1:Key>
			<d2p1:Value>Produktlinie </d2p1:Value>
		</d2p1:KeyValueOfintstring>
		<d2p1:KeyValueOfintstring>
			<d2p1:Key>241</d2p1:Key>
			<d2p1:Value>Termine Phasen</d2p1:Value>
		</d2p1:KeyValueOfintstring>
		<d2p1:KeyValueOfintstring>
			<d2p1:Key>242</d2p1:Key>
			<d2p1:Value>Termine Meilensteine</d2p1:Value>
		</d2p1:KeyValueOfintstring>
		<d2p1:KeyValueOfintstring>
			<d2p1:Key>243</d2p1:Key>
			<d2p1:Value>Einschätzung strategischer Fit</d2p1:Value>
		</d2p1:KeyValueOfintstring>
		<d2p1:KeyValueOfintstring>
			<d2p1:Key>244</d2p1:Key>
			<d2p1:Value>Einschätzung Risiko</d2p1:Value>
		</d2p1:KeyValueOfintstring>
		<d2p1:KeyValueOfintstring>
			<d2p1:Key>245</d2p1:Key>
			<d2p1:Value>Projekt-Ampel</d2p1:Value>
		</d2p1:KeyValueOfintstring>
		<d2p1:KeyValueOfintstring>
			<d2p1:Key>246</d2p1:Key>
			<d2p1:Value>Projekt-Ampel Erläuterung</d2p1:Value>
		</d2p1:KeyValueOfintstring>
		<d2p1:KeyValueOfintstring>
			<d2p1:Key>247</d2p1:Key>
			<d2p1:Value>Termine</d2p1:Value>
		</d2p1:KeyValueOfintstring>
		<d2p1:KeyValueOfintstring>
			<d2p1:Key>248</d2p1:Key>
			<d2p1:Value>Erläuterung</d2p1:Value>
		</d2p1:KeyValueOfintstring>
		<d2p1:KeyValueOfintstring>
			<d2p1:Key>249</d2p1:Key>
			<d2p1:Value>Prognose Ergebniskennzahl</d2p1:Value>
		</d2p1:KeyValueOfintstring>
		<d2p1:KeyValueOfintstring>
			<d2p1:Key>250</d2p1:Key>
			<d2p1:Value>strategischer Fit, Risiko &amp; Marge</d2p1:Value>
		</d2p1:KeyValueOfintstring>
		<d2p1:KeyValueOfintstring>
			<d2p1:Key>251</d2p1:Key>
			<d2p1:Value>Personal-Kosten intern/extern</d2p1:Value>
		</d2p1:KeyValueOfintstring>
		<d2p1:KeyValueOfintstring>
			<d2p1:Key>252</d2p1:Key>
			<d2p1:Value>Personal Kosten Struktur</d2p1:Value>
		</d2p1:KeyValueOfintstring>
		<d2p1:KeyValueOfintstring>
			<d2p1:Key>253</d2p1:Key>
			<d2p1:Value>Ergebnis Verbesserungs-Potentiale</d2p1:Value>
		</d2p1:KeyValueOfintstring>
		<d2p1:KeyValueOfintstring>
			<d2p1:Key>254</d2p1:Key>
			<d2p1:Value>Bisherige Ziel-Erreichung</d2p1:Value>
		</d2p1:KeyValueOfintstring>
		<d2p1:KeyValueOfintstring>
			<d2p1:Key>255</d2p1:Key>
			<d2p1:Value>Prognose zukünftige Ziel-Erreichung</d2p1:Value>
		</d2p1:KeyValueOfintstring>
		<d2p1:KeyValueOfintstring>
			<d2p1:Key>256</d2p1:Key>
			<d2p1:Value>Bisherige &amp; zukünftige Ziel-Erreichung</d2p1:Value>
		</d2p1:KeyValueOfintstring>
		<d2p1:KeyValueOfintstring>
			<d2p1:Key>257</d2p1:Key>
			<d2p1:Value>Auslastungs-Übersicht</d2p1:Value>
		</d2p1:KeyValueOfintstring>
		<d2p1:KeyValueOfintstring>
			<d2p1:Key>258</d2p1:Key>
			<d2p1:Value>Top 3 Ressourcen Engpässe </d2p1:Value>
		</d2p1:KeyValueOfintstring>
		<d2p1:KeyValueOfintstring>
			<d2p1:Key>259</d2p1:Key>
			<d2p1:Value>Top 3 freie Kapazität </d2p1:Value>
		</d2p1:KeyValueOfintstring>
		<d2p1:KeyValueOfintstring>
			<d2p1:Key>260</d2p1:Key>
			<d2p1:Value>Kapazität</d2p1:Value>
		</d2p1:KeyValueOfintstring>
		<d2p1:KeyValueOfintstring>
			<d2p1:Key>261</d2p1:Key>
			<d2p1:Value>Projektliste</d2p1:Value>
		</d2p1:KeyValueOfintstring>
		<d2p1:KeyValueOfintstring>
			<d2p1:Key>262</d2p1:Key>
			<d2p1:Value>Summe</d2p1:Value>
		</d2p1:KeyValueOfintstring>
		<d2p1:KeyValueOfintstring>
			<d2p1:Key>263</d2p1:Key>
			<d2p1:Value>Projekt-Name</d2p1:Value>
		</d2p1:KeyValueOfintstring>
		<d2p1:KeyValueOfintstring>
			<d2p1:Key>264</d2p1:Key>
			<d2p1:Value>Typ</d2p1:Value>
		</d2p1:KeyValueOfintstring>
		<d2p1:KeyValueOfintstring>
			<d2p1:Key>265</d2p1:Key>
			<d2p1:Value>BU</d2p1:Value>
		</d2p1:KeyValueOfintstring>
		<d2p1:KeyValueOfintstring>
			<d2p1:Key>266</d2p1:Key>
			<d2p1:Value>Budget &amp; vblf &amp; (T€)</d2p1:Value>
		</d2p1:KeyValueOfintstring>
		<d2p1:KeyValueOfintstring>
			<d2p1:Key>267</d2p1:Key>
			<d2p1:Value>P.-Bedarfe &amp; vblf &amp; (PT)</d2p1:Value>
		</d2p1:KeyValueOfintstring>
		<d2p1:KeyValueOfintstring>
			<d2p1:Key>268</d2p1:Key>
			<d2p1:Value>E.-Kosten &amp; vblf &amp; (T€)</d2p1:Value>
		</d2p1:KeyValueOfintstring>
		<d2p1:KeyValueOfintstring>
			<d2p1:Key>269</d2p1:Key>
			<d2p1:Value>Ergebnis &amp; vblf &amp; (T€)</d2p1:Value>
		</d2p1:KeyValueOfintstring>
		<d2p1:KeyValueOfintstring>
			<d2p1:Key>270</d2p1:Key>
			<d2p1:Value>rE&amp; vblf &amp;(T€)</d2p1:Value>
		</d2p1:KeyValueOfintstring>
		<d2p1:KeyValueOfintstring>
			<d2p1:Key>271</d2p1:Key>
			<d2p1:Value>rT&amp; vblf &amp;(Tage)</d2p1:Value>
		</d2p1:KeyValueOfintstring>
		<d2p1:KeyValueOfintstring>
			<d2p1:Key>272</d2p1:Key>
			<d2p1:Value>rL&amp; vblf &amp;(Anz.)</d2p1:Value>
		</d2p1:KeyValueOfintstring>
		<d2p1:KeyValueOfintstring>
			<d2p1:Key>273</d2p1:Key>
			<d2p1:Value>Stand vom</d2p1:Value>
		</d2p1:KeyValueOfintstring>
		<d2p1:KeyValueOfintstring>
			<d2p1:Key>274</d2p1:Key>
			<d2p1:Value>PT</d2p1:Value>
		</d2p1:KeyValueOfintstring>
		<d2p1:KeyValueOfintstring>
			<d2p1:Key>275</d2p1:Key>
			<d2p1:Value>Summe über alle Projekte</d2p1:Value>
		</d2p1:KeyValueOfintstring>
		<d2p1:KeyValueOfintstring>
			<d2p1:Key>276</d2p1:Key>
			<d2p1:Value>Platzhalter</d2p1:Value>
		</d2p1:KeyValueOfintstring>
		<d2p1:KeyValueOfintstring>
			<d2p1:Key>277</d2p1:Key>
			<d2p1:Value>zugeordnet</d2p1:Value>
		</d2p1:KeyValueOfintstring>
	</_allReportMsg>
</clsReportMessages>